"city","lat","lon","population","country","iso2","pbf_region","continent","len_2016_km","len_2026_km","status"
"Odessa",46.4900163,30.71000118,847501,"Ukraine","UA","e030_n50_e035_n45","Europe",1.11125,27.9254,"REJECTED"
"Sapporo",43.07497927,141.3400443,2202893,"Japan","JP","e140_n45_e145_n40","Asia",52.18472,100.94811,"ACCEPTED"
"Barranquilla",10.95998863,-74.79996688,1521246,"Colombia","CO","w075_n15_w070_n10","Americas",0,16.49848,"REJECTED"
"Nova Iguacu",-22.74002155,-43.46996708,844583,"Brazil","BR","w045_s20_w040_s25","Americas",0,15.23205,"REJECTED"
"Mannheim",49.50037518,8.470015013,1337587,"Germany","DE","e005_n50_e010_n45","Europe",313.35508,90.80229,"REJECTED"
"Shijianzhuang",38.05001467,114.4799784,2204737,"China","CN","e110_n40_e115_n35","Asia",0,64.52406,"REJECTED"
"New Orleans",29.99500246,-90.03996688,527429,"USA","US","w095_n30_w090_n25","Americas",101.28116,84.2467,"REJECTED"
"Cotonou",6.400008564,2.519990599,726292,"Benin","BJ","e000_n10_e005_n05","Africa",0,0,"REJECTED"
"Shenzhen",22.55237051,114.1221231,4291796,"China","CN","e110_n25_e115_n20","Asia",40.00198,143.09924,"ACCEPTED"
"Haifa",32.8204114,34.98002478,639150,"Israel","IL","e030_n35_e035_n30","Asia",2.94595,19.58835,"REJECTED"
"Vanadzor",40.81276593,44.48828162,89295,"Armenia","AM","e040_n45_e045_n40","Asia",0,0,"REJECTED"
"Oklahoma City",35.47004295,-97.51868351,660475,"USA","US","w100_n40_w095_n35","Americas",62.89772,133.87038,"ACCEPTED"
"Dar es Salaam",-6.800012595,39.26834184,2814326,"Tanzania","TZ","e035_s05_e040_s10","Africa",0,113.08702,"ACCEPTED"
"Beira",-19.82004474,34.87000565,507197,"Mozambique","MZ","e030_s15_e035_s20","Africa",NA,0,"REJECTED"
"Cork",51.89860089,-8.49577112,162852,"Ireland","IE","w010_n55_w005_n50","Europe",NA,88.90725,"REJECTED"
"Caracas",10.50099855,-66.91703719,2400340,"Venezuela","VE","w070_n15_w065_n10","Americas",NA,12.01487,"REJECTED"
"Cilacap",-7.718819561,109.0154024,1174964,"Indonesia","ID","e105_s05_e110_s10","Asia",NA,0,"REJECTED"
"Providence",41.82110231,-71.4149797,663727,"USA","US","w075_n45_w070_n40","Americas",NA,67.2017,"REJECTED"
"Manzini",-26.49500106,31.3880045,110537,"Swaziland","SZ","e030_s25_e035_s30","Africa",NA,0,"REJECTED"
"Turku",60.4538668,22.25496171,175443,"Finland","FI","e020_n65_e025_n60","Europe",671.32682,898.35738,"ACCEPTED"
"Abidjan",5.319996967,-4.04004826,3496198,"Ivory Coast","CI","w005_n10_e000_n05","Africa",NA,0.14138,"REJECTED"
"Skopje",42.00000612,21.43346147,484488,"Macedonia","MK","e020_n45_e025_n40","Europe",NA,57.51195,"REJECTED"
"Columbus",39.97997438,-82.9900096,1003418,"USA","US","w085_n40_w080_n35","Americas",84.86797,148.10903,"ACCEPTED"
"San Jose",9.93501243,-84.08405135,642862,"Costa Rica","CR","w085_n10_w080_n05","Americas",NA,7.72052,"REJECTED"
"Budapest",47.50000633,19.08332068,1679000,"Hungary","HU","e015_n50_e020_n45","Europe",182.1263,210.7802,"ACCEPTED"
"Ad Damman",26.42819175,50.09967037,1411656,"Saudi Arabia","SA","e050_n30_e055_n25","Asia",NA,0,"REJECTED"
"Limerick",52.664704,-8.623050172,84066,"Ireland","IE","w010_n55_w005_n50","Europe",NA,58.2589,"REJECTED"
"Pereira",4.81038983,-75.67999068,504434,"Colombia","CO","w080_n05_w075_n00","Americas",NA,3.66855,"REJECTED"
"Galway",53.272393,-9.048812298,73140,"Ireland","IE","w010_n55_w005_n50","Europe",NA,26.72368,"REJECTED"
"Agadir",30.43998822,-9.620043581,752032,"Morocco","MA","w010_n35_w005_n30","Africa",NA,17.56801,"REJECTED"
"Dayton",39.750376,-84.19998743,466067,"USA","US","w085_n40_w080_n35","Americas",92.84882,122.84707,"ACCEPTED"
"Basra",30.51352378,47.81355668,870000,"Iraq","IQ","e045_n35_e050_n30","Asia",NA,0.43662,"REJECTED"
"Haiphong",20.83000633,106.6800927,1285848,"Vietnam","VN","e105_n25_e110_n20","Asia",NA,0.10042,"REJECTED"
"Aurora",39.69585736,-104.808497,431967,"USA","US","w105_n40_w100_n35","Americas",367.30867,514.97485,"ACCEPTED"
"Monrovia",6.31055666,-10.80475163,913331,"Liberia","LR","w015_n10_w010_n05","Africa",NA,0,"REJECTED"
"San Salvador",13.71000165,-89.20304122,717904,"El Salvador","SV","w090_n15_w085_n10","Americas",NA,7.67945,"REJECTED"
"Paramaribo",5.83503013,-55.16703089,238963,"Suriname","SR","w060_n10_w055_n05","Americas",NA,18.71814,"REJECTED"
"Frankfurt",50.09997683,8.67501542,1787332,"Germany","DE","e005_n55_e010_n50","Europe",259.23373,157.36757,"REJECTED"
"Suwon",37.25778912,127.0108931,1078000,"South Korea","KR","e125_n40_e130_n35","Asia",18.77926,289.13639,"ACCEPTED"
"Macau",22.20299746,113.5450484,568700,"Macau S.A.R","MO","e110_n25_e115_n20","Asia",11.15989,243.15345,"ACCEPTED"
"Saint George's",12.0526334,-61.74164323,30539,"Grenada","GD","w065_n15_w060_n10","Americas",NA,0,"REJECTED"
"Delhi",28.6699929,77.23000403,11779607,"India","IN","e075_n30_e080_n25","Asia",NA,29.36158,"REJECTED"
"Chihuahua",28.64498151,-106.0849823,750634,"Mexico","MX","w110_n30_w105_n25","Americas",NA,2.28765,"REJECTED"
"Chengdu",30.67000002,104.0700195,4036719,"China","CN","e100_n35_e105_n30","Asia",13.35374,174.4651,"ACCEPTED"
"Nouakchott",18.08642702,-15.97534041,701772,"Mauritania","MR","w020_n20_w015_n15","Africa",NA,0.07085,"REJECTED"
"Herat",34.33000917,62.16999304,439233,"Afghanistan","AF","e060_n35_e065_n30","Asia",NA,0,"REJECTED"
"Nema",16.61705935,-7.250007366,127500,"Mauritania","MR","w010_n20_w005_n15","Africa",NA,0,"REJECTED"
"Marrakesh",31.6299931,-7.999987428,855648,"Morocco","MA","w010_n35_w005_n30","Africa",NA,14.94906,"REJECTED"
"Chittagong",22.32999229,91.79996741,4224611,"Bangladesh","BD","e090_n25_e095_n20","Asia",NA,0,"REJECTED"
"Stamford",41.05334556,-73.53919112,434782,"USA","US","w075_n45_w070_n40","Americas",NA,11.4024,"REJECTED"
"Salzburg",47.81047833,13.0400203,178274,"Austria","AT","e010_n50_e015_n45","Europe",101.864,146.69774,"ACCEPTED"
"Toronto",43.69997988,-79.42002079,4573711,"Canada","CA","w080_n45_w075_n40","Americas",213.96806,354.06113,"ACCEPTED"
"Da Nang",16.06003908,108.2499711,943535,"Vietnam","VN","e105_n20_e110_n15","Asia",NA,0.47452,"REJECTED"
"Quebec",46.83996909,-71.24561019,576386,"Canada","CA","w075_n50_w070_n45","Americas",243.57874,328.8941,"ACCEPTED"
"Irbid",32.54998863,35.84999752,471020,"Jordan","JO","e035_n35_e040_n30","Asia",NA,0,"REJECTED"
"Joao Pessoa",-7.10113513,-34.87607117,803442,"Brazil","BR","w035_s05_w030_s10","Americas",NA,33.33702,"REJECTED"
"Honiara",-9.437994295,159.9497657,66313,"Solomon Islands","SB","e155_s05_e160_s10","Oceania",NA,0,"REJECTED"
"Tunis",36.80277814,10.1796781,1570477,"Tunisia","TN","e010_n40_e015_n35","Africa",NA,2.73299,"REJECTED"
"Luanda",-8.838286114,13.23442704,3562086,"Angola","AO","e010_s05_e015_s10","Africa",NA,2.75464,"REJECTED"
"Antananarivo",-18.91663735,47.5166239,1544217,"Madagascar","MG","e045_s15_e050_s20","Africa",NA,7.48875,"REJECTED"
"Quetzaltenango",14.82995913,-91.52000574,399983,"Guatemala","GT","w095_n15_w090_n10","Americas",NA,0.06236,"REJECTED"
"Kobe",34.67998781,135.1699816,1528478,"Japan","JP","e135_n35_e140_n30","Asia",NA,10.7198,"REJECTED"
"Campo Grande",-20.45003213,-54.61662521,687723,"Brazil","BR","w055_s20_w050_s25","Americas",NA,84.51281,"REJECTED"
"San Bernardino",34.12038373,-117.3000342,973691,"USA","US","w120_n35_w115_n30","Americas",32.03211,115.68809,"ACCEPTED"
"Lilongwe",-13.98329507,33.78330196,646750,"Malawi","MW","e030_s10_e035_s15","Africa",NA,0.55527,"REJECTED"
"An Najaf",32.00033225,44.33537105,612776,"Iraq","IQ","e040_n35_e045_n30","Asia",NA,0,"REJECTED"
"Jilin",43.84997072,126.5500427,2138989,"China","CN","e125_n45_e130_n40","Asia",NA,13.86462,"REJECTED"
"Liverpool",53.41600181,-2.917997886,639973,"UK","GB","w005_n55_e000_n50","Europe",87.69805,213.12158,"ACCEPTED"
"Phnom Penh",11.55003013,104.9166345,1466000,"Cambodia","KH","e100_n15_e105_n10","Asia",NA,2.26857,"REJECTED"
"Albany",42.67001691,-73.81994918,484286,"USA","US","w075_n45_w070_n40","Americas",NA,67.49591,"REJECTED"
"Casablanca",33.59997622,-7.616367433,3162955,"Morocco","MA","w010_n35_w005_n30","Africa",NA,4.36893,"REJECTED"
"Sao Luis",-2.515984681,-44.26599085,524693,"Brazil","BR","w045_n00_w040_s05","Americas",NA,27.18022,"REJECTED"
"Pizen",49.74043805,13.36000077,161043,"Czechia","CZ","e010_n50_e015_n45","Europe",117.1554,176.92361,"ACCEPTED"
"La Paz",-16.49797361,-68.14998519,1201400,"Bolivia","BO","w070_s15_w065_s20","Americas",NA,8.85232,"REJECTED"
"Tabriz",38.08629152,46.30124589,1304713,"Iran","IR","e045_n40_e050_n35","Asia",NA,6.81482,"REJECTED"
"Belo Horizonte",-19.91502602,-43.91500452,3974112,"Brazil","BR","w045_s15_w040_s20","Americas",NA,38.78011,"REJECTED"
"Mashhad",36.27001996,59.5699967,2318127,"Iran","IR","e055_n40_e060_n35","Asia",NA,57.70462,"REJECTED"
"Guadalajara",20.67001609,-103.3300342,2919295,"Mexico","MX","w105_n25_w100_n20","Americas",27.24952,235.30989,"ACCEPTED"
"Managua",12.15301658,-86.26849166,920000,"Nicaragua","NI","w090_n15_w085_n10","Americas",NA,6.26006,"REJECTED"
"Gaza",31.52999921,34.44501868,477461,"Palestine","PS","e030_n35_e035_n30","Asia",NA,8.47251,"REJECTED"
"Halifax",44.65002525,-63.60000452,290993,"Canada","CA","w065_n45_w060_n40","Americas",99.40062,125.26689,"ACCEPTED"
"Pittsburgh",40.4299986,-79.99998539,1535268,"USA","US","w080_n45_w075_n40","Americas",104.74787,127.08028,"ACCEPTED"
"Jaffna",9.675002461,80.00502844,169069,"Sri Lanka","LK","e080_n10_e085_n05","Asia",NA,0.34046,"REJECTED"
"Guiyang",26.58004295,106.7200386,2416817,"China","CN","e105_n30_e110_n25","Asia",NA,5.81323,"REJECTED"
"Bari",41.1142204,16.87275793,408555,"Italy","IT","e015_n45_e020_n40","Europe",NA,60.14414,"REJECTED"
"Kigali",-1.953590069,30.06053178,802631,"Rwanda","RW","e030_n00_e035_s05","Africa",NA,2.16693,"REJECTED"
"Adana",36.99498863,35.32000403,1245445,"Turkey","TR","e035_n40_e040_n35","Asia",NA,25.17624,"REJECTED"
"Rajshahi",24.37498374,88.6050203,755067,"Bangladesh","BD","e085_n25_e090_n20","Asia",NA,0,"REJECTED"
"Gueckedou",8.553996122,-10.1510005,221715,"Guinea","GN","w015_n10_w010_n05","Africa",NA,0,"REJECTED"
"Faisalabad",31.40998069,73.10999711,2561798,"Pakistan","PK","e070_n35_e075_n30","Asia",NA,0.04278,"REJECTED"
"Oranjestad",12.53038373,-70.02899195,50888,"Aruba","AW","w075_n15_w070_n10","Americas",NA,23.76256,"REJECTED"
"Nukualofa",-21.13851236,-175.2205645,33139,"Tonga","TO",NA,"Oceania",NA,0,"REJECTED"
"Gibraltar",36.13243495,-5.37807483,106814,"Gibraltar","GI","w010_n40_w005_n35","Europe",NA,40.12952,"REJECTED"
"New Taipei",25.01277778,121.465,2821870,"Taiwan","TW","e120_n30_e125_n25","Asia",232.27185,289.73781,"ACCEPTED"
"El Paso",31.77998395,-106.5099952,658331,"USA","US","w110_n35_w105_n30","Americas",85.75,143.93938,"ACCEPTED"
"Omaha",41.24000083,-96.00999007,643034,"USA","US","w100_n45_w095_n40","Americas",164.73247,252.21203,"ACCEPTED"
"Bamako",12.65001467,-8.000039105,1395641,"Mali","ML","w010_n15_w005_n10","Africa",NA,0,"REJECTED"
"Moratuwa",6.780398782,79.88002315,188595,"Sri Lanka","LK","e075_n10_e080_n05","Asia",NA,4.23952,"REJECTED"
"Birmingham",52.47497398,-1.919996787,1634667,"UK","GB","w005_n55_e000_n50","Europe",193.98652,394.14834,"ACCEPTED"
"Libreville",0.38538861,9.457965046,530756,"Gabon","GA","e005_n05_e010_n00","Africa",NA,0,"REJECTED"
"Marseille",43.28997906,5.37501013,1097406,"France","FR","e005_n45_e010_n40","Europe",NA,83.68314,"REJECTED"
"As Sulaymaniyah",35.56127769,45.43085974,654318,"Iraq","IQ","e045_n40_e050_n35","Asia",NA,0,"REJECTED"
"Goteborg",57.75000083,12.0000321,520941,"Sweden","SE","e010_n60_e015_n55","Europe",NA,28.16313,"REJECTED"
"Wellington",-41.29997394,174.7832743,296300,"New Zealand","NZ","e170_s40_e175_s45","Oceania",18.0286,142.71971,"ACCEPTED"
"Samara",53.19500755,50.15129512,996595,"Russia","RU","e050_n55_e055_n50","Europe",NA,10.35486,"REJECTED"
"Pune",18.53001752,73.85000362,3803872,"India","IN","e070_n20_e075_n15","Asia",NA,7.52871,"REJECTED"
"Tashkent",41.31170188,69.29493282,2081014,"Uzbekistan","UZ","e065_n45_e070_n40","Asia",NA,31.93421,"REJECTED"
"Khulna",22.839987,89.56000077,1447670,"Bangladesh","BD","e085_n25_e090_n20","Asia",NA,0.87362,"REJECTED"
"Bobo Dioulasso",11.1799752,-4.289981325,346035,"Burkina Faso","BF","w005_n15_e000_n10","Africa",NA,0.15785,"REJECTED"
"Nonthaburi",13.83368919,100.4833134,258550,"Thailand","TH","e100_n15_e105_n10","Asia",NA,43.54999,"REJECTED"
"Annaba",36.92000612,7.759980834,355047,"Algeria","DZ","e005_n40_e010_n35","Africa",NA,0,"REJECTED"
"Kinshasa",-4.329724102,15.31497188,6704352,"Congo (Kinshasa)","CD","e015_n00_e020_s05","Africa",NA,4.6208,"REJECTED"
"Sumqayt",40.58001528,49.62998328,272155,"Azerbaijan","AZ","e045_n45_e050_n40","Asia",NA,0,"REJECTED"
"Hangzhou",30.24997398,120.1700187,2442565,"China","CN","e120_n35_e125_n30","Asia",337.32125,533.20697,"ACCEPTED"
"Sharjah",25.37138287,55.40647823,952016,"United Arab Emirates","AE","e055_n30_e060_n25","Asia",NA,1.35699,"REJECTED"
"Nottingham",52.97034426,-1.170016725,565650,"UK","GB","w005_n55_e000_n50","Europe",261.42122,169.65723,"REJECTED"
"Ouagadougou",12.37031598,-1.524723756,992229,"Burkina Faso","BF","w005_n15_e000_n10","Africa",26.43155,116.23954,"ACCEPTED"
"Medina",24.49998903,39.5800024,1010000,"Saudi Arabia","SA","e035_n25_e040_n20","Asia",NA,14.36577,"REJECTED"
"Kobenhavn",55.67856419,12.56348575,1085000,"Denmark","DK","e010_n60_e015_n55","Europe",932.54426,854.33563,"REJECTED"
"Dongguan",23.0488889,113.7447222,4528000,"China","CN","e110_n25_e115_n20","Asia",NA,37.68962,"REJECTED"
"Cape Town",-33.92001097,18.43498816,2823929,"South Africa","ZA","e015_s30_e020_s35","Africa",NA,59.22285,"REJECTED"
"Malakal",9.536897195,31.65598995,160765,"South Sudan","SS","e030_n10_e035_n05","Africa",NA,0,"REJECTED"
"Eldoret",0.520005716,35.26998124,285914,"Kenya","KE","e035_n05_e040_n00","Africa",NA,0,"REJECTED"
"Brno",49.20039349,16.60998328,378918,"Czechia","CZ","e015_n50_e020_n45","Europe",NA,89.1968,"REJECTED"
"Podgorica",42.46597251,19.26630692,141162,"Montenegro","ME","e015_n45_e020_n40","Europe",NA,22.2027,"REJECTED"
"Surat",21.19998374,72.84003943,3368252,"India","IN","e070_n25_e075_n20","Asia",NA,1.44002,"REJECTED"
"Wuhan",30.58003135,114.270017,5713603,"China","CN","e110_n35_e115_n30","Asia",NA,54.0555,"REJECTED"
"Kandahar",31.61002016,65.69494584,613871,"Afghanistan","AF","e065_n35_e070_n30","Asia",NA,0,"REJECTED"
"Samut Prakan",13.60690716,100.6114709,388920,"Thailand","TH","e100_n15_e105_n10","Asia",NA,11.69387,"REJECTED"
"Nazret",8.549980691,39.26999548,345444,"Ethiopia","ET","e035_n10_e040_n05","Africa",NA,0,"REJECTED"
"Aleppo",36.22997072,37.1700203,2170132,"Syria","SY","e035_n40_e040_n35","Asia",NA,0,"REJECTED"
"Arak",25.2799931,3.749993041,423251,"Algeria","DZ","e000_n30_e005_n25","Africa",NA,0,"REJECTED"
"Port Moresby",-9.464707826,147.1925036,267435,"Papua New Guinea","PG","e145_s05_e150_s10","Oceania",NA,0,"REJECTED"
"Constantine",36.35998863,6.599948281,527638,"Algeria","DZ","e005_n40_e010_n35","Africa",NA,0.95954,"REJECTED"
"Taichung",24.15207745,120.681667,1835024,"Taiwan","TW","e120_n25_e125_n20","Asia",40.03682,108.85629,"ACCEPTED"
"Bremen",53.08000165,8.80002071,635705,"Germany","DE","e005_n55_e010_n50","Europe",485.47471,193.16291,"REJECTED"
"Maputo",-25.95527749,32.58916296,1318807,"Mozambique","MZ","e030_s25_e035_s30","Africa",NA,0,"REJECTED"
"Pristina",42.66670961,21.16598425,331700,"Kosovo","","e020_n45_e025_n40",NA,NA,13.90316,"REJECTED"
"Athens",37.98332623,23.73332108,1985569,"Greece","GR","e020_n40_e025_n35","Europe",NA,48.74071,"REJECTED"
"Tehran",35.67194277,51.42434403,7513155,"Iran","IR","e050_n40_e055_n35","Asia",NA,20.29734,"REJECTED"
"Nzerekore",7.760003071,-8.829988445,150425,"Guinea","GN","w010_n10_w005_n05","Africa",NA,0,"REJECTED"
"St. Petersburg",59.93901451,30.31602006,4023106,"Russia","RU","e030_n60_e035_n55","Europe",NA,36.17421,"REJECTED"
"Bandar Seri Begawan",4.883331115,114.9332841,218250,"Brunei","BN","e110_n05_e115_n00","Asia",NA,0,"REJECTED"
"Venice",45.43865928,12.33499874,270816,"Italy","IT","e010_n50_e015_n45","Europe",59.01361,157.45672,"ACCEPTED"
"Perm",57.99995974,56.24999263,924154,"Russia","RU","e055_n60_e060_n55","Europe",NA,26.87588,"REJECTED"
"Yekaterinburg",56.85002993,60.59995967,1270488,"Russia","RU","e060_n60_e065_n55","Europe",4.81831,100.58133,"ACCEPTED"
"Ufa",54.78997479,56.04003129,969378,"Russia","RU","e055_n55_e060_n50","Europe",NA,68.16944,"REJECTED"
"Tbilisi",41.72500999,44.79079545,1052629,"Georgia","GE","e040_n45_e045_n40","Asia",NA,30.16185,"REJECTED"
"Yaounde",3.866700662,11.51665076,1335794,"Cameroon","CM","e010_n05_e015_n00","Africa",NA,0,"REJECTED"
"Kosice",48.73044802,21.25001013,210317,"Slovakia","SK","e020_n50_e025_n45","Europe",NA,19.72577,"REJECTED"
"Nanchang",28.67999229,115.8799963,2110676,"China","CN","e115_n30_e120_n25","Asia",76.30216,169.22628,"ACCEPTED"
"Bursa",40.1999868,29.06999792,1425545,"Turkey","TR","e025_n45_e030_n40","Asia",NA,45.83399,"REJECTED"
"Nakhon Ratchasima",15.00002626,102.1000105,271883,"Thailand","TH","e100_n20_e105_n15","Asia",NA,8.78429,"REJECTED"
"Catania",37.49997072,15.07999914,482908,"Italy","IT","e015_n40_e020_n35","Europe",NA,18.3605,"REJECTED"
"Rostov",47.23464785,39.7126558,1032567,"Russia","RU","e035_n50_e040_n45","Europe",NA,16.8935,"REJECTED"
"Hanoi",21.03332725,105.8500142,2904635,"Vietnam","VN","e105_n25_e110_n20","Asia",NA,8.48863,"REJECTED"
"The Hague",52.08003684,4.269961302,953863,"Netherlands","NL","e000_n55_e005_n50","Europe",968.72469,957.45158,"REJECTED"
"Addis Ababa",9.033310363,38.70000443,2928865,"Ethiopia","ET","e035_n10_e040_n05","Africa",NA,1.79013,"REJECTED"
"Mawlamyine",16.50042564,97.67004838,400249,"Myanmar","MM","e095_n20_e100_n15","Asia",NA,0,"REJECTED"
"Lusaka",-15.41664427,28.28332759,1297720,"Zambia","ZM","e025_s15_e030_s20","Africa",NA,0,"REJECTED"
"Antsirabe",-19.85001707,47.03329423,307921,"Madagascar","MG","e045_s15_e050_s20","Africa",NA,0,"REJECTED"
"Manila",14.60415895,120.9822172,7088788,"Philippines","PH","e120_n15_e125_n10","Asia",NA,75.18235,"REJECTED"
"Thessaloniki",40.69610638,22.88500077,591145,"Greece","GR","e020_n45_e025_n40","Europe",NA,13.33139,"REJECTED"
"Ho Chi Minh City",10.78002545,106.6950272,4390666,"Vietnam","VN","e105_n15_e110_n10","Asia",NA,1.80952,"REJECTED"
"Zhangzhou",24.52037539,117.6700162,2434800,"China","CN","e115_n25_e120_n20","Asia",NA,6.28557,"REJECTED"
"Nagpur",21.16995974,79.08999385,2341009,"India","IN","e075_n25_e080_n20","Asia",NA,0,"REJECTED"
"Belgrade",44.81864545,20.46799068,1099000,"Serbia","RS","e020_n45_e025_n40","Europe",49.27786,108.01739,"ACCEPTED"
"Conakry",9.531522846,-13.68023503,1494000,"Guinea","GN","w015_n10_w010_n05","Africa",NA,0,"REJECTED"
"Rijeka",45.32998374,14.45001176,156082,"Croatia","HR","e010_n50_e015_n45","Europe",NA,3.58692,"REJECTED"
"Nanchong",30.78043256,106.1299971,2174000,"China","CN","e105_n35_e110_n30","Asia",NA,0.45266,"REJECTED"
"Riyadh",24.64083315,46.77274166,4335481,"Saudi Arabia","SA","e045_n25_e050_n20","Asia",NA,3.6007,"REJECTED"
"Amman",31.95002525,35.93329993,1060000,"Jordan","JO","e035_n35_e040_n30","Asia",NA,0,"REJECTED"
"Perth",-31.95501463,115.8399987,1206108,"Australia","AU","e115_s30_e120_s35","Oceania",477.62977,615.69894,"ACCEPTED"
"Sofia",42.68334943,23.31665401,1029914,"Bulgaria","BG","e020_n45_e025_n40","Europe",NA,77.48436,"REJECTED"
"Nanjing",32.05001914,118.7799743,3383005,"China","CN","e115_n35_e120_n30","Asia",NA,67.47884,"REJECTED"
"Fez",34.05459963,-5.000377239,983446,"Morocco","MA","w010_n35_w005_n30","Africa",NA,0,"REJECTED"
"Nizhny Novgorod",56.33300722,44.00009436,1246463,"Russia","RU","e040_n60_e045_n55","Europe",NA,48.13316,"REJECTED"
"Split",43.52040428,16.46999182,195528,"Croatia","HR","e015_n45_e020_n40","Europe",NA,6.86394,"REJECTED"
"Grenoble",45.18038047,5.720001992,273563,"France","FR","e005_n50_e010_n45","Europe",178.67156,156.1858,"REJECTED"
"Manama",26.23613629,50.58305172,360697,"Bahrain","BH","e050_n30_e055_n25","Asia",NA,1.87081,"REJECTED"
"George Town",5.413613156,100.3293679,1610101,"Malaysia","MY","e100_n10_e105_n05","Asia",NA,36.39363,"REJECTED"
"Tangier",35.74728701,-5.832703696,719208,"Morocco","MA","w010_n40_w005_n35","Africa",NA,0,"REJECTED"
"Trablous",34.42000368,35.8699963,361286,"Lebanon","LB","e035_n35_e040_n30","Asia",NA,0,"REJECTED"
"Praia",14.91669802,-23.51668889,101112,"Cape Verde","CV","w025_n15_w020_n10","Africa",NA,1.71149,"REJECTED"
"Blantyre",-15.79000649,34.98994665,584877,"Malawi","MW","e030_s15_e035_s20","Africa",NA,0.09507,"REJECTED"
"Ahmedabad",23.03005292,72.58000362,4547355,"India","IN","e070_n25_e075_n20","Asia",NA,24.69291,"REJECTED"
"Rabat",34.02529909,-6.83613082,1680377,"Morocco","MA","w010_n35_w005_n30","Africa",NA,14.89784,"REJECTED"
"Oulu",64.99999758,25.47001094,132685,"Finland","FI","e025_n65_e030_n60","Europe",814.92063,917.54271,"ACCEPTED"
"Masan",35.21910219,128.583562,1081499,"South Korea","KR","e125_n40_e130_n35","Asia",NA,18.47259,"REJECTED"
"Kharkiv",49.99998293,36.25002478,1338064,"Ukraine","UA","e035_n50_e040_n45","Europe",NA,36.8608,"REJECTED"
"Lvov",49.83498008,24.02999548,760842,"Ukraine","UA","e020_n50_e025_n45","Europe",NA,45.86878,"REJECTED"
"Bouake",7.689981505,-5.030013673,511151,"Ivory Coast","CI","w010_n10_w005_n05","Africa",NA,1.10102,"REJECTED"
"Braga",41.55499453,-8.421331219,504326,"Portugal","PT","w010_n45_w005_n40","Europe",NA,27.22339,"REJECTED"
"Gold Coast",-28.08150429,153.4482458,429955,"Australia","AU","e150_s25_e155_s30","Oceania",60.83712,185.36393,"ACCEPTED"
"Kelang",3.020369892,101.5500183,917934,"Malaysia","MY","e100_n05_e105_n00","Asia",NA,91.18055,"REJECTED"
"Liege",50.62999615,5.580010537,472803,"Belgium","BE","e005_n55_e010_n50","Europe",88.19453,240.95569,"ACCEPTED"
"Malabo",3.750015278,8.783277546,155963,"Equatorial Guinea","GQ","e005_n05_e010_n00","Africa",NA,0,"REJECTED"
"Sikasso",11.3204059,-5.679999839,185270,"Mali","ML","w010_n15_w005_n10","Africa",NA,0,"REJECTED"
"Incheon",37.47614789,126.6422334,2550000,"South Korea","KR","e125_n40_e130_n35","Asia",53.70504,133.73639,"ACCEPTED"
"Valencia",39.48501752,-0.400012046,806652,"Spain","ES","w005_n40_e000_n35","Europe",336.79775,455.53086,"ACCEPTED"
"Khartoum",15.58807823,32.53417924,3364324,"Sudan","SD","e030_n20_e035_n15","Africa",NA,0,"REJECTED"
"Lome",6.131937072,1.222757119,1100850,"Togo","TG","e000_n10_e005_n05","Africa",NA,0,"REJECTED"
"Cairo",30.04996035,31.24996822,9813807,"Egypt","EG","e030_n35_e035_n30","Africa",NA,2.40471,"REJECTED"
"Lubumbashi",-11.6800248,27.48001745,1114317,"Congo (Kinshasa)","CD","e025_s10_e030_s15","Africa",NA,0.13536,"REJECTED"
"Karaj",35.8003587,50.97000484,1423000,"Iran","IR","e050_n40_e055_n35","Asia",NA,16.58534,"REJECTED"
"Maseru",-29.31667438,27.48327307,239840,"Lesotho","LS","e025_s25_e030_s30","Africa",NA,0,"REJECTED"
"Curepipe",-20.31619017,57.51663367,192088,"Mauritius","MU","e055_s20_e060_s25","Africa",NA,1.34969,"REJECTED"
"Palembang",-2.980039043,104.7500297,1595250,"Indonesia","ID","e100_n00_e105_s05","Asia",NA,0,"REJECTED"
"Bata",1.870000833,9.769987344,135944,"Equatorial Guinea","GQ","e005_n05_e010_n00","Africa",NA,0,"REJECTED"
"Durban",-29.865013,30.98001054,2729000,"South Africa","ZA","e030_s25_e035_s30","Africa",NA,0,"REJECTED"
"Sfax",34.75003522,10.72000688,365164,"Tunisia","TN","e010_n35_e015_n30","Africa",NA,0,"REJECTED"
"Shiraz",29.62996014,52.57001054,1240000,"Iran","IR","e050_n30_e055_n25","Asia",NA,15.1441,"REJECTED"
"Gwangju",35.1709656,126.9104341,1428469,"South Korea","KR","e125_n40_e130_n35","Asia",31.36278,112.67484,"ACCEPTED"
"Tel Aviv-Yafo",32.07999147,34.77001176,1745179,"Israel","IL","e030_n35_e035_n30","Asia",103.8069,196.03479,"ACCEPTED"
"Nyanza",-2.349586569,29.74003454,225209,"Rwanda","RW","e025_n00_e030_s05","Africa",NA,0,"REJECTED"
"Bissau",11.86502382,-15.59836084,395684,"Guinea Bissau","GW","w020_n15_w015_n10","Africa",NA,0,"REJECTED"
"Lagos",6.443261653,3.391531071,4733768,"Nigeria","NG","e000_n10_e005_n05","Africa",NA,0.58639,"REJECTED"
"Moroni",-11.7041577,43.2402441,85785,"Comoros","KM","e040_s10_e045_s15","Africa",NA,0,"REJECTED"
"Ibadan",7.380026264,3.929982054,2221285,"Nigeria","NG","e000_n10_e005_n05","Africa",NA,0.0699,"REJECTED"
"Dakar",14.71583173,-17.47313013,2540200,"Senegal","SN","w020_n15_w015_n10","Africa",NA,0.08311,"REJECTED"
"Adelaide",-34.93498777,138.6000048,990677,"Australia","AU","e135_s30_e140_s35","Oceania",613.23692,605.43308,"REJECTED"
"Brikama",13.28036379,-16.65994979,136418,"The Gambia","GM","w020_n15_w015_n10","Africa",NA,0,"REJECTED"
"Manukau",-36.99997801,174.8849735,336142,"New Zealand","NZ","e170_s35_e175_s40","Oceania",29.54581,258.0465,"ACCEPTED"
"Nakuru",-0.279997132,36.06998409,312315,"Kenya","KE","e035_n00_e040_s05","Africa",NA,0.71046,"REJECTED"
"Johannesburg",-26.17004474,28.03000972,2730735,"South Africa","ZA","e025_s25_e030_s30","Africa",NA,37.67062,"REJECTED"
"Huambo",-12.74998533,15.76000932,986000,"Angola","AO","e015_s10_e020_s15","Africa",NA,0,"REJECTED"
"Bangui",4.366644306,18.55828813,727348,"Central African Republic","CF","e015_n05_e020_n00","Africa",NA,0,"REJECTED"
"Noumea",-22.26252776,166.4442852,89743,"New Caledonia","NC","e165_s20_e170_s25","Oceania",NA,38.52961,"REJECTED"
"Accra",5.550034606,-0.21671574,2042132,"Ghana","GH","w005_n10_e000_n05","Africa",NA,0,"REJECTED"
"Kano",11.99997683,8.5200378,3140000,"Nigeria","NG","e005_n15_e010_n10","Africa",NA,0,"REJECTED"
"Toamasina",-18.18179848,49.40498409,208300,"Madagascar","MG","e045_s15_e050_s20","Africa",NA,0,"REJECTED"
"Pretoria",-25.70692055,28.22942908,1338000,"South Africa","ZA","e025_s25_e030_s30","Africa",NA,17.67485,"REJECTED"
"El Giza",30.00998863,31.19002356,2681863,"Egypt","EG","e030_n35_e035_n30","Africa",NA,2.56323,"REJECTED"
"Port Louis",-20.16663857,57.49999385,371954,"Mauritius","MU","e055_s20_e060_s25","Africa",NA,1.59597,"REJECTED"
"Harare",-17.81778969,31.04470943,1557407,"Zimbabwe","ZW","e030_s15_e035_s20","Africa",NA,61.42739,"REJECTED"
"Omdurman",15.61668113,32.48002234,2289429,"Sudan","SD","e030_n20_e035_n15","Africa",NA,0,"REJECTED"
"Nairobi",-1.283346742,36.81665686,2880274,"Kenya","KE","e035_n00_e040_s05","Africa",NA,31.57362,"REJECTED"
"Alexandria",31.20001935,29.94999589,3988258,"Egypt","EG","e025_n35_e030_n30","Africa",NA,0,"REJECTED"
"Sao Tome",0.333402119,6.733325153,72193,"Sao Tome and Principe","ST","e005_n05_e010_n00","Africa",NA,0,"REJECTED"
"Meknes",33.90042299,-5.559981325,621667,"Morocco","MA","w010_n35_w005_n30","Africa",NA,3.45313,"REJECTED"
"Mogadishu",2.066681334,45.36667761,987694,"Somalia","SO","e045_n05_e050_n00","Africa",NA,0,"REJECTED"
"Brisbane",-27.45503091,153.0350927,1393177,"Australia","AU","e150_s25_e155_s30","Oceania",452.6965,505.04565,"ACCEPTED"
"Ndjamena",12.11309654,15.04914831,835194,"Chad","TD","e015_n15_e020_n10","Africa",NA,0.41382,"REJECTED"
"Gaborone",-24.64631346,25.91194779,183827,"Botswana","BW","e025_s20_e030_s25","Africa",NA,5.33574,"REJECTED"
"Kampala",0.316658955,32.58332353,1386595,"Uganda","UG","e030_n05_e035_n00","Africa",NA,0.07498,"REJECTED"
"Suva",-18.13301593,178.4417073,131835,"Fiji","FJ","e175_s15_e180_s20","Oceania",NA,0,"REJECTED"
"Misratah",32.37997316,15.09999792,301160,"Libya","LY","e015_n35_e020_n30","Africa",NA,0,"REJECTED"
"Asmara",15.33333925,38.93332353,592366,"Eritrea","ER","e035_n20_e040_n15","Africa",NA,0,"REJECTED"
"Port-Vila",-17.7333504,168.3166406,39971,"Vanuatu","VU","e165_s15_e170_s20","Oceania",NA,0,"REJECTED"
"Pointe-Noire",-4.770007305,11.88003943,602441,"Congo (Brazzaville)","CG","e010_n00_e015_s05","Africa",NA,0.40796,"REJECTED"
"Mombasa",-4.040026022,39.68991817,840834,"Kenya","KE","e035_n00_e040_s05","Africa",NA,0,"REJECTED"
"Bujumbura",-3.37608722,29.36000606,331700,"Burundi","BI","e025_n00_e030_s05","Africa",NA,0,"REJECTED"
"Algiers",36.7630648,3.05055253,2665832,"Algeria","DZ","e000_n40_e005_n35","Africa",NA,42.89906,"REJECTED"
"Agana",13.4700163,144.750017,61756,"Guam","GU","e140_n15_e145_n10","Oceania",NA,0,"REJECTED"
"Canberra",-35.28302855,149.1290262,280866,"Australia","AU","e145_s35_e150_s40","Oceania",420.75208,718.57464,"ACCEPTED"
"Windhoek",-22.57000608,17.0835461,265464,"Namibia",NA,"e015_s20_e020_s25","Africa",NA,33.89297,"REJECTED"
"Chlef",36.17041363,1.319960489,449167,"Algeria","DZ","e000_n40_e005_n35","Africa",NA,0,"REJECTED"
"Douala",4.060409769,9.709991006,1622041,"Cameroon","CM","e005_n05_e010_n00","Africa",NA,0,"REJECTED"
"Nacala",-14.51861123,40.71502356,212213,"Mozambique","MZ","e040_s10_e045_s15","Africa",NA,0,"REJECTED"
"Sousse",35.82999514,10.62502559,245564,"Tunisia","TN","e010_n40_e015_n35","Africa",NA,0.92275,"REJECTED"
"Saint-Louis",16.01998985,-16.51001062,198396,"Mauritania","MR","w020_n20_w015_n15","Africa",NA,0,"REJECTED"
"Kumasi",6.689990864,-1.630014487,1468576,"Ghana","GH","w005_n10_e000_n05","Africa",NA,0,"REJECTED"
"Freetown",8.470011412,-13.23421574,420384,"Sierra Leone","SL","w015_n10_w010_n05","Africa",NA,0,"REJECTED"
"Brazzaville",-4.259185772,15.28468949,1259445,"Congo (Brazzaville)","CG","e015_n00_e020_s05","Africa",NA,4.03585,"REJECTED"
"Djibouti",11.59501446,43.14800167,763507,"Djibouti","DJ","e040_n15_e045_n10","Africa",NA,0,"REJECTED"
"Kisumu",-0.090034567,34.75001298,306047,"Kenya","KE","e030_n00_e035_s05","Africa",NA,20.64711,"REJECTED"
"Newcastle",-32.84534788,151.8150122,816286,"Australia","AU","e150_s30_e155_s35","Oceania",NA,56.35206,"REJECTED"
"Oran",35.71000246,-0.61997278,721992,"Algeria","DZ","w005_n40_e000_n35","Africa",NA,0,"REJECTED"
"Mbuji-Mayi",-6.150026429,23.59999589,1084881,"Congo (Kinshasa)","CD","e020_s05_e025_s10","Africa",NA,0,"REJECTED"
"Nampula",-15.13604124,39.29304317,386186,"Mozambique","MZ","e035_s15_e040_s20","Africa",NA,0,"REJECTED"
"Matola",-25.96959186,32.46002356,503368,"Mozambique","MZ","e030_s25_e035_s30","Africa",NA,0,"REJECTED"
"Blida",36.4203467,2.829997517,388174,"Algeria","DZ","e000_n40_e005_n35","Africa",NA,0,"REJECTED"
"Dire Dawa",9.58999473,41.86001827,250326,"Ethiopia","ET","e040_n10_e045_n05","Africa",NA,0,"REJECTED"
"Auckland",-36.850013,174.7649808,759510,"New Zealand","NZ","e170_s35_e175_s40","Oceania",101.88861,262.81259,"ACCEPTED"
"Tripoli",32.89250002,13.18001176,1209199,"Libya","LY","e010_n35_e015_n30","Africa",NA,0,"REJECTED"
"Kaduna",10.52001548,7.440000365,1191297,"Nigeria","NG","e005_n15_e010_n10","Africa",NA,0,"REJECTED"
"Papeete",-17.53336261,-149.5666694,78856,"French Polynesia","PF",NA,"Oceania",NA,3.17204,"REJECTED"
"Chimoio",-19.12003579,33.47003943,242539,"Mozambique","MZ","e030_s15_e035_s20","Africa",NA,0,"REJECTED"
"Banghazi",32.11673342,20.06672318,881187,"Libya","LY","e020_n35_e025_n30","Africa",NA,0,"REJECTED"
"Niamey",13.51670595,2.116656045,828896,"Niger","NE","e000_n15_e005_n10","Africa",NA,38.64931,"REJECTED"
"Port Harcourt",4.810002257,7.010000772,1020000,"Nigeria","NG","e005_n05_e010_n00","Africa",NA,0,"REJECTED"
"Bulawayo",-20.16999754,28.58000199,697096,"Zimbabwe","ZW","e025_s20_e030_s25","Africa",NA,0,"REJECTED"
"Apia",-13.84154504,-171.7386416,49812,"Samoa","WS",NA,"Oceania",NA,2.71227,"REJECTED"
"Porto-Novo",6.483310973,2.616625528,267084,"Benin","BJ","e000_n10_e005_n05","Africa",NA,0,"REJECTED"
"Benoni",-26.14958087,28.32993974,1795672,"South Africa","ZA","e025_s25_e030_s30","Africa",NA,1.37323,"REJECTED"
"Stockholm",59.35075995,18.09733473,1258655,"Sweden","SE","e015_n60_e020_n55","Europe",1065.09925,1101.4138,"REJECTED"
"Dahuk",36.86670013,43.00000263,620500,"Iraq","IQ","e040_n40_e045_n35","Asia",NA,0.43419,"REJECTED"
"Curitiba",-25.420013,-49.3199976,2291430,"Brazil","BR","w050_s25_w045_s30","Americas",69.33616,150.44464,"ACCEPTED"
"Helsinki",60.17556337,24.93412634,836729,"Finland","FI","e020_n65_e025_n60","Europe",1502.24176,1585.91581,"REJECTED"
"Xian",34.27502545,108.8949963,3617406,"China","CN","e105_n35_e110_n30","Asia",19.58717,108.27413,"ACCEPTED"
"Washington, D.C.",38.89954938,-77.00941858,2445217,"USA","US","w080_n40_w075_n35","Americas",343.03427,419.05695,"ACCEPTED"
"Minsk",53.89997744,27.56662716,1691069,"Belarus","BY","e025_n55_e030_n50","Europe",63.0877,136.07645,"ACCEPTED"
"Bandung",-6.950029278,107.5700126,2046860,"Indonesia","ID","e105_s05_e110_s10","Asia",NA,11.35092,"REJECTED"
"Gyumri",40.78943402,43.84749385,140278,"Armenia","AM","e040_n45_e045_n40","Asia",NA,0,"REJECTED"
"Hiroshima",34.3878351,132.442913,1594421,"Japan","JP","e130_n35_e135_n30","Asia",NA,9.5968,"REJECTED"
"Ashgabat",37.94999493,58.38329911,652841,"Turkmenistan","TM","e055_n40_e060_n35","Asia",NA,4.71147,"REJECTED"
"Bristol",51.44999778,-2.583315472,492121,"UK","GB","w005_n55_e000_n50","Europe",219.72532,278.93251,"ACCEPTED"
"Haora",22.58039044,88.32994665,2934655,"India","IN","e085_n25_e090_n20","Asia",NA,1.04467,"REJECTED"
"San Pedro Sula",15.50002159,-88.02998621,584779,"Honduras","HN","w090_n20_w085_n15","Americas",NA,0,"REJECTED"
"Asuncion",-25.29640298,-57.64150517,940847,"Paraguay","PY","w060_s25_w055_s30","Americas",NA,56.29347,"REJECTED"
"Jaipur",26.92113324,75.80998734,2814379,"India","IN","e075_n30_e080_n25","Asia",NA,1.19463,"REJECTED"
"Zhengzhou",34.75499615,113.6650927,2325063,"China","CN","e110_n35_e115_n30","Asia",NA,9.55764,"REJECTED"
"Lucknow",26.85503908,80.91499874,2583506,"India","IN","e080_n30_e085_n25","Asia",NA,3.00115,"REJECTED"
"Long Beach",33.78696739,-118.1580439,1249196,"USA","US","w120_n35_w115_n30","Americas",268.98843,328.8093,"ACCEPTED"
"Hyderabad",17.39998313,78.47995357,4986908,"India","IN","e075_n20_e080_n15","Asia",NA,0.75281,"REJECTED"
"Tokyo",35.68501691,139.7514074,22006300,"Japan","JP","e135_n40_e140_n35","Asia",82.86154,139.29281,"ACCEPTED"
"Novosibirsk",55.02996014,82.96004187,1213101,"Russia","RU","e080_n60_e085_n55","Europe",NA,13.10459,"REJECTED"
"Kyoto",35.02999229,135.7499979,1632320,"Japan","JP","e135_n40_e140_n35","Asia",NA,95.44043,"REJECTED"
"Toulon",43.13418645,5.918821566,263197,"France","FR","e005_n45_e010_n40","Europe",NA,78.92242,"REJECTED"
"Chicago",41.82999066,-87.75005497,5915976,"USA","US","w090_n45_w085_n40","Americas",140.26201,242.73601,"ACCEPTED"
"Bishkek",42.87307945,74.58520422,820606,"Kyrgyzstan","KG","e070_n45_e075_n40","Asia",NA,22.08075,"REJECTED"
"Jalal Abad",40.94288719,73.00251013,162300,"Kyrgyzstan","KG","e070_n45_e075_n40","Asia",NA,0,"REJECTED"
"Cleveland",41.4699868,-81.69499821,1169757,"USA","US","w085_n45_w080_n40","Americas",42.63301,209.96579,"ACCEPTED"
"Baku",40.39527203,49.86221716,2007150,"Azerbaijan","AZ","e045_n45_e050_n40","Asia",NA,30.85284,"REJECTED"
"Jerusalem",31.77840782,35.20662593,915150,"Israel","IL","e035_n35_e040_n30","Asia",NA,44.09451,"REJECTED"
"Belem",-1.450003236,-48.48002303,1787369,"Brazil","BR","w050_n00_w045_s05","Americas",NA,34.93372,"REJECTED"
"Krakow",50.05997927,19.96001135,755525,"Poland","PL","e015_n55_e020_n50","Europe",NA,66.62195,"REJECTED"
"Barcelona",41.38329958,2.183370319,3250798,"Spain","ES","e000_n45_e005_n40","Europe",221.46655,394.29646,"ACCEPTED"
"Miami",25.7876107,-80.22410608,2983947,"USA","US","w085_n30_w080_n25","Americas",138.13067,113.99605,"REJECTED"
"Minneapolis",44.97997927,-93.25178634,1491887,"USA","US","w095_n45_w090_n40","Americas",417.20995,806.44882,"ACCEPTED"
"Niteroi",-22.90001178,-43.09998967,993920,"Brazil","BR","w045_s20_w040_s25","Americas",NA,58.21692,"REJECTED"
"Namangan",41.00001548,71.66998165,599600,"Uzbekistan","UZ","e070_n45_e075_n40","Asia",NA,0,"REJECTED"
"Az Zarqa",32.06999208,36.1000081,843678,"Jordan","JO","e035_n35_e040_n30","Asia",NA,0,"REJECTED"
"Kanpur",26.4599986,80.3199963,2992625,"India","IN","e080_n30_e085_n25","Asia",NA,1.56115,"REJECTED"
"Hechi",23.09653465,109.6091129,3275190,"China","CN","e105_n25_e110_n20","Asia",NA,0,"REJECTED"
"Damascus",33.500034,36.29999589,2466000,"Syria","SY","e035_n35_e040_n30","Asia",NA,1.07132,"REJECTED"
"Gent",51.02999758,3.700021931,337915,"Belgium","BE","e000_n55_e005_n50","Europe",392.5454,508.2299,"ACCEPTED"
"Santa Cruz",-17.75391762,-63.22599634,1859531,"Bolivia","BO","w065_s15_w060_s20","Americas",NA,28.40764,"REJECTED"
"Beirut",33.87197512,35.50970821,1779063,"Lebanon","LB","e035_n35_e040_n30","Asia",NA,0.30615,"REJECTED"
"Saltillo",25.41995872,-101.0049823,679287,"Mexico","MX","w105_n30_w100_n25","Americas",NA,37.29444,"REJECTED"
"Hat Yai",6.996432107,100.4714278,254825,"Thailand","TH","e100_n10_e105_n05","Asia",NA,0.45018,"REJECTED"
"Denver",39.73918805,-104.984016,1930800,"USA","US","w105_n40_w100_n35","Americas",439.92844,543.93622,"ACCEPTED"
"Chongqing",29.56497703,106.5949816,5214014,"China","CN","e105_n30_e110_n25","Asia",NA,45.00874,"REJECTED"
"Muscat",23.61332481,58.59331213,660779,"Oman","OM","e055_n25_e060_n20","Asia",NA,0,"REJECTED"
"Colombo",6.931965758,79.85775061,217000,"Sri Lanka","LK","e075_n10_e080_n05","Asia",NA,5.67479,"REJECTED"
"Stuttgart",48.77997988,9.199996296,1775644,"Germany","DE","e005_n50_e010_n45","Europe",NA,39.77173,"REJECTED"
"Bordeaux",44.85001304,-0.595013063,517422,"France","FR","w005_n45_e000_n40","Europe",456.53061,525.44788,"ACCEPTED"
"Bratislava",48.15001833,17.11698075,398712,"Slovakia","SK","e015_n50_e020_n45","Europe",102.75696,154.10728,"ACCEPTED"
"Norfolk",36.84995872,-76.28000574,645336,"USA","US","w080_n40_w075_n35","Americas",NA,37.52998,"REJECTED"
"Hartford",41.77002016,-72.67996708,518510,"USA","US","w075_n45_w070_n40","Americas",33.24597,111.85723,"ACCEPTED"
"Manchester",53.50041526,-2.247987103,1312758,"UK","GB","w005_n55_e000_n50","Europe",188.53322,473.58592,"ACCEPTED"
"Jeddah",21.51688946,39.21919755,2939723,"Saudi Arabia","SA","e035_n25_e040_n20","Asia",NA,4.14373,"REJECTED"
"Acapulco",16.84999086,-99.91597905,683860,"Mexico","MX","w100_n20_w095_n15","Americas",NA,1.52816,"REJECTED"
"Trondheim",63.41665753,10.41666622,144336,"Norway","NO","e010_n65_e015_n60","Europe",240.50461,319.70339,"ACCEPTED"
"Santiago de Cuba",20.0250167,-75.82132573,500964,"Cuba","CU","w080_n25_w075_n20","Americas",NA,0.0795,"REJECTED"
"Munich",48.12994204,11.57499345,1267696,"Germany","DE","e010_n50_e015_n45","Europe",740.66351,139.11367,"REJECTED"
"Patra",38.23000368,21.72998083,159580,"Greece","GR","e020_n40_e025_n35","Europe",NA,8.57103,"REJECTED"
"Ganca",40.68499595,46.35002844,301700,"Azerbaijan","AZ","e045_n45_e050_n40","Asia",NA,5.22133,"REJECTED"
"Lemosos",34.67541445,33.0333219,149486,"Cyprus","CY","e030_n35_e035_n30","Asia",NA,33.93651,"REJECTED"
"Sorocaba",-23.49000161,-47.46998132,561072,"Brazil","BR","w050_s20_w045_s25","Americas",33.73384,109.65064,"ACCEPTED"
"Seoul",37.5663491,126.999731,9796000,"South Korea","KR","e125_n40_e130_n35","Asia",193.88653,327.07704,"ACCEPTED"
"Bridgeport",41.17997866,-73.19996118,578545,"USA","US","w075_n45_w070_n40","Americas",NA,10.99493,"REJECTED"
"Mosul",36.34500246,43.14500443,1228467,"Iraq","IQ","e040_n40_e045_n35","Asia",NA,0,"REJECTED"
"Xiangtan",27.85043052,112.9000232,2183454,"China","CN","e110_n30_e115_n25","Asia",NA,19.61935,"REJECTED"
"Salt Lake City",40.7750163,-111.9300519,572013,"USA","US","w115_n45_w110_n40","Americas",196.83275,387.73101,"ACCEPTED"
"Graz",47.0777582,15.41000484,242780,"Austria","AT","e015_n50_e020_n45","Europe",134.95377,179.41296,"ACCEPTED"
"Guangzhou",23.1449813,113.3250101,5990913,"China","CN","e110_n25_e115_n20","Asia",NA,69.02516,"REJECTED"
"Kansas City",39.10708851,-94.60409422,955273,"USA","US","w095_n40_w090_n35","Americas",56.47028,211.65285,"ACCEPTED"
"Goiania",-16.72002724,-49.30002466,1596598,"Brazil","BR","w050_s15_w045_s20","Americas",NA,79.34306,"REJECTED"
"Cardiff",51.49999473,-3.22500757,603750,"UK","GB","w005_n55_e000_n50","Europe",162.3882,131.01044,"REJECTED"
"Florianopolis",-27.57998452,-48.52002059,568783,"Brazil","BR","w050_s25_w045_s30","Americas",NA,34.5396,"REJECTED"
"Callao",-12.07002684,-77.13496647,786232,"Peru","PE","w080_s10_w075_s15","Americas",37.47724,126.36405,"ACCEPTED"
"Alajuela",10.02002016,-84.23003727,217619,"Costa Rica","CR","w085_n15_w080_n10","Americas",NA,2.2452,"REJECTED"
"Houston",29.81997438,-95.33997929,4053287,"USA","US","w100_n30_w095_n25","Americas",142.36239,153.74492,"REJECTED"
"Gdansk",54.3599752,18.64004024,597915,"Poland","PL","e015_n55_e020_n50","Europe",NA,61.85322,"REJECTED"
"Genoa",44.40998822,8.930038614,624724,"Italy","IT","e005_n45_e010_n40","Europe",NA,24.41178,"REJECTED"
"Akron",41.07039878,-81.51999597,451155,"USA","US","w085_n45_w080_n40","Americas",NA,97.3907,"REJECTED"
"Aalborg",57.03371381,9.916593382,111918,"Denmark","DK","e005_n60_e010_n55","Europe",314.35982,333.03527,"REJECTED"
"Cochabamba",-17.41001097,-66.16997685,804138,"Bolivia","BO","w070_s15_w065_s20","Americas",NA,35.78573,"REJECTED"
"Iraklio",35.32501304,25.13049678,134404,"Greece","GR","e025_n40_e030_n35","Europe",NA,2.6406,"REJECTED"
"Sarajevo",43.8500224,18.38300167,662817,"Bosnia and Herzegovina","BA","e015_n45_e020_n40","Europe",NA,34.05136,"REJECTED"
"Daegu",35.86678876,128.6069714,2460000,"South Korea","KR","e125_n40_e130_n35","Asia",NA,85.31864,"REJECTED"
"Ankara",39.92723859,32.86439164,3511690,"Turkey","TR","e030_n40_e035_n35","Asia",NA,28.10706,"REJECTED"
"Dili",-8.559388409,125.5794559,213947,"East Timor","TL","e125_s05_e130_s10","Asia",NA,0,"REJECTED"
"Zurich",47.37998781,8.55001013,724865,"Switzerland","CH","e005_n50_e010_n45","Europe",242.08774,179.95162,"REJECTED"
"Essen",51.44999778,7.016615355,1157802,"Germany","DE","e005_n55_e010_n50","Europe",176.04451,167.13828,"REJECTED"
"St. Louis",38.63501772,-90.23998051,1259958,"USA","US","w095_n40_w090_n35","Americas",130.98685,212.55553,"ACCEPTED"
"Ft. Worth",32.73997703,-97.34003809,1090830,"USA","US","w100_n35_w095_n30","Americas",64.12852,115.07263,"ACCEPTED"
"Hong Kong",22.3049809,114.1850093,5878790,"Hong Kong S.A.R.","HK","e110_n25_e115_n20","Asia",NA,76.79275,"REJECTED"
"Duque de Caxias",-22.76999388,-43.30997685,842890,"Brazil","BR","w045_s20_w040_s25","Americas",NA,17.79158,"REJECTED"
"Bucaramanga",7.1300932,-73.12588302,790410,"Colombia","CO","w075_n10_w070_n05","Americas",NA,30.30886,"REJECTED"
"Katowice",50.26038047,19.02001705,1527362,"Poland","PL","e015_n55_e020_n50","Europe",45.6111,116.41596,"ACCEPTED"
"Queretaro",20.63001853,-100.3799817,786393,"Mexico","MX","w105_n25_w100_n20","Americas",NA,95.51812,"REJECTED"
"San Cristobal",18.4159981,-70.10900052,154040,"Dominican Republic","DO","w075_n20_w070_n15","Americas",NA,0,"REJECTED"
"Strasbourg",48.57996625,7.750007282,357409,"France","FR","e005_n50_e010_n45","Europe",406.33866,348.02916,"REJECTED"
"Cartagena",10.39973859,-75.51439356,887000,"Colombia","CO","w080_n15_w075_n10","Americas",NA,0.34102,"REJECTED"
"Grand Prairie",32.68476076,-97.02023849,545108,"USA","US","w100_n35_w095_n30","Americas",NA,76.54635,"REJECTED"
"Camaguey",21.38082542,-77.91693425,321584,"Cuba","CU","w080_n25_w075_n20","Americas",NA,0.06377,"REJECTED"
"Montréal",45.49999921,-73.58329696,3017278,"Canada","CA","w075_n50_w070_n45","Americas",476.95286,555.64664,"ACCEPTED"
"Sydney",-33.92001097,151.1851798,4135711,"Australia","AU","e150_s30_e155_s35","Oceania",255.51457,371.50378,"ACCEPTED"
"Teresina",-5.095000388,-42.7800092,746861,"Brazil","BR","w045_s05_w040_s10","Americas",NA,51.66385,"REJECTED"
"Almaty",43.32498985,76.91503617,1096256,"Kazakhstan","KZ","e075_n45_e080_n40","Asia",NA,47.9326,"REJECTED"
"Calgary",51.08299176,-114.0799982,1012661,"Canada","CA","w115_n55_w110_n50","Americas",182.38431,639.62679,"ACCEPTED"
"Ljubljana",46.05528831,14.51496903,284961,"Slovenia","SI","e010_n50_e015_n45","Europe",90.05932,112.26153,"ACCEPTED"
"Dnipropetrovsk",48.47997235,35.00002356,949425,"Ukraine","UA","e035_n50_e040_n45","Europe",NA,22.44189,"REJECTED"
"Singapore",1.293033466,103.8558207,4236615,"Singapore","SG","e100_n05_e105_n00","Asia",101.89247,309.52324,"ACCEPTED"
"Havana",23.13195884,-82.36418217,2082459,"Cuba","CU","w085_n25_w080_n20","Americas",NA,2.6387,"REJECTED"
"Oslo",59.91669029,10.74997921,707500,"Norway","NO","e010_n60_e015_n55","Europe",328.98415,466.42152,"ACCEPTED"
"Qaraghandy",49.88497703,73.11500972,378274,"Kazakhstan","KZ","e070_n50_e075_n45","Asia",NA,4.57038,"REJECTED"
"New Haven",41.33038291,-72.90000533,707883,"USA","US","w075_n45_w070_n40","Americas",NA,47.95682,"REJECTED"
"Varna",43.21564252,27.89528926,245522,"Bulgaria","BG","e025_n45_e030_n40","Europe",NA,29.37225,"REJECTED"
"Ipoh",4.599989236,101.0649833,656227,"Malaysia","MY","e100_n05_e105_n00","Asia",NA,1.10946,"REJECTED"
"Christiansted",17.75037518,-64.749986,32543,"United States Virgin Islands","VI","w065_n20_w060_n15","Americas",NA,0,"REJECTED"
"Seville",37.40501528,-5.980007366,957533,"Spain","ES","w010_n40_w005_n35","Europe",243.81409,341.2118,"ACCEPTED"
"Semarang",-6.966617412,110.4200195,1342042,"Indonesia","ID","e110_s05_e115_s10","Asia",NA,4.54872,"REJECTED"
"Malaga",36.7204059,-4.419999228,539382,"Spain","ES","w005_n40_e000_n35","Europe",NA,75.74005,"REJECTED"
"Kitchener",43.44999514,-80.50000655,413057,"Canada","CA","w085_n45_w080_n40","Americas",201.49802,332.26673,"ACCEPTED"
"Joinville",-26.31995807,-48.83994938,710738,"Brazil","BR","w050_s25_w045_s30","Americas",NA,12.45485,"REJECTED"
"Prague",50.08333701,14.46597978,582044,"Czechia","CZ","e010_n55_e015_n50","Europe",186.74073,260.23176,"ACCEPTED"
"Merida",20.96663881,-89.61663355,841088,"Mexico","MX","w090_n25_w085_n20","Americas",23.33454,130.96454,"ACCEPTED"
"Colorado Springs",38.86296246,-104.7919863,427272,"USA","US","w105_n40_w100_n35","Americas",187.21639,181.18814,"REJECTED"
"Mumbai",19.01699038,72.8569893,15834918,"India","IN","e070_n20_e075_n15","Asia",NA,15.50918,"REJECTED"
"Spanish Town",17.98333254,-76.94999068,297532,"Jamaica","JM","w080_n20_w075_n15","Americas",NA,2.06513,"REJECTED"
"Maracaibo",10.72997683,-71.65997766,1764650,"Venezuela","VE","w075_n15_w070_n10","Americas",NA,1.38106,"REJECTED"
"Riga",56.95002382,24.09996537,723803,"Latvia","LV","e020_n60_e025_n55","Europe",60.96965,182.64249,"ACCEPTED"
"Georgetown",6.801973693,-58.16702865,249684,"Guyana","GY","w060_n10_w055_n05","Americas",NA,3.2564,"REJECTED"
"Aguascalientes",21.87945992,-102.2904135,763590,"Mexico","MX","w105_n25_w100_n20","Americas",NA,21.82202,"REJECTED"
"Metz",49.1203467,6.180025593,266550,"France","FR","e005_n50_e010_n45","Europe",NA,70.29276,"REJECTED"
"Kazan",55.74994204,49.12634477,1013635,"Russia","RU","e045_n60_e050_n55","Europe",NA,21.17979,"REJECTED"
"Santiago",19.50000999,-70.67001225,1471008,"Dominican Republic","DO","w075_n20_w070_n15","Americas",NA,5.58128,"REJECTED"
"La Romana",18.41700116,-68.96660201,202472,"Dominican Republic","DO","w070_n20_w065_n15","Americas",NA,0,"REJECTED"
"Kolkata",22.4949693,88.32467566,9709196,"India","IN","e085_n25_e090_n20","Asia",NA,0.27074,"REJECTED"
"Santo Andre",-23.65283405,-46.52781661,662373,"Brazil","BR","w050_s20_w045_s25","Americas",NA,70.17948,"REJECTED"
"Louisville",38.22501691,-85.74870427,595820,"USA","US","w090_n40_w085_n35","Americas",50.8273,114.23127,"ACCEPTED"
"Jakarta",-6.174417705,106.8294376,8832561,"Indonesia","ID","e105_s05_e110_s10","Asia",NA,9.83761,"REJECTED"
"Kawasaki",35.52998761,139.705002,1372026,"Japan","JP","e135_n40_e140_n35","Asia",107.72991,153.70287,"ACCEPTED"
"Cucuta",7.920019144,-72.51997685,721772,"Colombia","CO","w075_n10_w070_n05","Americas",NA,13.53788,"REJECTED"
"Rangoon",16.7833541,96.16667761,3694910,"Myanmar","MM","e095_n20_e100_n15","Asia",NA,10.88336,"REJECTED"
"Talcahuano",-36.71668781,-73.11665877,270521,"Chile","CL","w075_s35_w070_s40","Americas",NA,37.0031,"REJECTED"
"Chelyabinsk",55.15499127,61.43866817,1018802,"Russia","RU","e060_n60_e065_n55","Europe",NA,15.76859,"REJECTED"
"Nurnberg",49.44999066,11.0799849,618271,"Germany","DE","e010_n50_e015_n45","Europe",NA,57.41182,"REJECTED"
"Lanzhou",36.05602785,103.7920003,2282609,"China","CN","e100_n40_e105_n35","Asia",NA,40.10502,"REJECTED"
"Toluca",19.3303821,-99.66999923,1018441,"Mexico","MX","w100_n20_w095_n15","Americas",NA,29.48706,"REJECTED"
"Dallas",32.82002382,-96.84001693,3004852,"USA","US","w100_n35_w095_n30","Americas",27.84242,192.10626,"ACCEPTED"
"Melbourne",-37.82003131,144.9750162,2131813,"Australia","AU","e140_s35_e145_s40","Oceania",849.42704,717.45744,"REJECTED"
"Nezahualcoyotl",19.41001548,-99.02998661,929682,"Mexico","MX","w100_n20_w095_n15","Americas",NA,34.63301,"REJECTED"
"Toulouse",43.61995892,1.449926716,640028,"France","FR","e000_n45_e005_n40","Europe",438.90987,448.54338,"REJECTED"
"Nassau",25.08339012,-77.35004378,194453,"The Bahamas","BS","w080_n30_w075_n25","Americas",NA,0,"REJECTED"
"Aarhus",56.157204,10.21068396,232326,"Denmark","DK","e010_n60_e015_n55","Europe",524.01583,502.08586,"REJECTED"
"Fort Lauderdale",26.13606488,-80.14178552,1103782,"USA","US","w085_n30_w080_n25","Americas",149.93553,125.18342,"REJECTED"
"Mexico City",19.44244244,-99.1309882,14919501,"Mexico","MX","w100_n20_w095_n15","Americas",NA,67.27758,"REJECTED"
"Recife",-8.075645326,-34.91560551,2564549,"Brazil","BR","w035_s05_w030_s10","Americas",NA,36.8205,"REJECTED"
"Harbin",45.74998395,126.6499849,3425442,"China","CN","e125_n50_e130_n45","Asia",NA,23.85915,"REJECTED"
"Florence",43.78000083,11.25000036,935759,"Italy","IT","e010_n45_e015_n40","Europe",94.03209,183.18912,"ACCEPTED"
"Concepcion",-36.83001422,-73.05002202,550864,"Chile","CL","w075_s35_w070_s40","Americas",25.26389,102.38896,"ACCEPTED"
"Changchun",43.86500856,125.3399873,2860211,"China","CN","e125_n45_e130_n40","Asia",NA,13.25221,"REJECTED"
"Rosario",-32.95112954,-60.66630762,1094785,"Argentina","AR","w065_s30_w060_s35","Americas",NA,37.09028,"REJECTED"
"Maribor",46.54047833,15.65004187,101642,"Slovenia","SI","e015_n50_e020_n45","Europe",79.38309,145.24188,"ACCEPTED"
"Sendai",38.28710614,141.0217175,1643781,"Japan","JP","e140_n40_e145_n35","Asia",NA,27.35501,"REJECTED"
"Guatemala",14.62113466,-90.52696558,1009469,"Guatemala","GT","w095_n15_w090_n10","Americas",NA,28.11891,"REJECTED"
"Olinda",-7.999991029,-34.8499506,659554,"Brazil","BR","w035_s05_w030_s10","Americas",NA,27.47713,"REJECTED"
"Sanaa",15.3547333,44.20659338,1921927,"Yemen","YE","e040_n20_e045_n15","Asia",NA,0,"REJECTED"
"Bekasi",-6.217257468,106.972323,1949165,"Indonesia","ID","e105_s05_e110_s10","Asia",NA,0.21522,"REJECTED"
"Kingston",17.97707662,-76.76743371,801337,"Jamaica","JM","w080_n20_w075_n15","Americas",NA,5.37383,"REJECTED"
"San Fernando",10.28046166,-61.45937678,166039,"Trinidad and Tobago","TT","w065_n15_w060_n10","Americas",NA,0.42369,"REJECTED"
"Ottawa",45.4166968,-75.7000153,978565,"Canada","CA","w080_n50_w075_n45","Americas",375.23621,464.68745,"ACCEPTED"
"Kingstown",13.14827883,-61.21206242,37002,"Saint Vincent and the Grenadines","VC","w065_n15_w060_n10","Americas",NA,0,"REJECTED"
"Veracruz",19.17734235,-96.15998092,573638,"Mexico","MX","w100_n20_w095_n15","Americas",NA,0,"REJECTED"
"Lille",50.64996909,3.080008096,636164,"France","FR","e000_n55_e005_n50","Europe",336.62255,357.49656,"REJECTED"
"Oakland",37.76892071,-122.2211034,953044,"USA","US","w125_n40_w120_n35","Americas",251.20771,271.64784,"REJECTED"
"Naypyidaw",19.76655703,96.11861853,562412,"Myanmar","MM","e095_n20_e100_n15","Asia",NA,0,"REJECTED"
"Raleigh",35.81878135,-78.64469344,789992,"USA","US","w080_n40_w075_n35","Americas",137.52168,242.32284,"ACCEPTED"
"Duisburg",51.42997316,6.750016641,882381,"Germany","DE","e005_n55_e010_n50","Europe",245.594,275.39827,"ACCEPTED"
"Zagreb",45.80000673,15.99999467,710746,"Croatia","HR","e015_n50_e020_n45","Europe",NA,93.22938,"REJECTED"
"Milan",45.4699752,9.20500891,2125831,"Italy","IT","e005_n50_e010_n45","Europe",365.33942,599.75045,"ACCEPTED"
"Tulsa",36.12000327,-95.93002079,669434,"USA","US","w100_n40_w095_n35","Americas",66.18382,164.46882,"ACCEPTED"
"Arequipa",-16.41999388,-71.53001144,775785,"Peru","PE","w075_s15_w070_s20","Americas",NA,5.92087,"REJECTED"
"Honolulu",21.30687644,-157.8579979,578829,"USA","US","w160_n25_w155_n20","Americas",NA,39.28696,"REJECTED"
"Nicosia",35.16667645,33.36663489,212376,"Cyprus","CY","e030_n40_e035_n35","Asia",NA,84.4821,"REJECTED"
"Lyon",45.77000856,4.830030475,947659,"France","FR","e000_n50_e005_n45","Europe",333.12922,430.37073,"ACCEPTED"
"Glasgow",55.87440472,-4.250707236,885134,"UK","GB","w005_n60_e000_n55","Europe",204.81058,266.49672,"ACCEPTED"
"Izmir",38.43614968,27.15179401,2454909,"Turkey","TR","e025_n40_e030_n35","Asia",NA,47.07095,"REJECTED"
"San Miguel de Tucuman",-26.81600014,-65.21662419,678804,"Argentina","AR","w070_s25_w065_s30","Americas",NA,7.54848,"REJECTED"
"Dusseldorf",51.22037355,6.779988972,906197,"Germany","DE","e005_n55_e010_n50","Europe",245.97832,139.63558,"REJECTED"
"San Francisco",37.74000775,-122.4599777,2091036,"USA","US","w125_n40_w120_n35","Americas",190.19112,199.8577,"REJECTED"
"Valparaiso",-33.04776447,-71.62101363,434969,"Chile","CL","w075_s30_w070_s35","Americas",NA,19.9673,"REJECTED"
"Rio de Janeiro",-22.92502317,-43.22502079,6879088,"Brazil","BR","w045_s20_w040_s25","Americas",NA,73.54053,"REJECTED"
"Victoria",48.43328269,-123.3500009,270492,"Canada","CA","w125_n50_w120_n45","Americas",105.0327,195.5625,"ACCEPTED"
"Thimphu",27.47298586,89.63901404,88931,"Bhutan","BT","e085_n30_e090_n25","Asia",NA,0,"REJECTED"
"Indianapolis",39.74998842,-86.17004806,1104642,"USA","US","w090_n40_w085_n35","Americas",121.54404,220.37027,"ACCEPTED"
"Kathmandu",27.71669191,85.31664221,895000,"Nepal","NP","e085_n30_e090_n25","Asia",NA,22.72109,"REJECTED"
"Holguin",20.88723798,-76.26305587,309640,"Cuba","CU","w080_n25_w075_n20","Americas",NA,0,"REJECTED"
"Vila Velha",3.21666282,-51.21665186,742414,"Brazil","BR","w055_n05_w050_n00","Americas",NA,0,"REJECTED"
"Virginia Beach",36.85321433,-75.97831873,877476,"USA","US","w080_n40_w075_n35","Americas",NA,30.51616,"REJECTED"
"Davao",7.110016906,125.6299955,1307252,"Philippines","PH","e125_n10_e130_n05","Asia",NA,30.20441,"REJECTED"
"Makkah",21.43002138,39.82003943,1354312,"Saudi Arabia","SA","e035_n25_e040_n20","Asia",NA,0,"REJECTED"
"West Palm Beach",26.74501996,-80.12362126,675522,"USA","US","w085_n30_w080_n25","Americas",141.85244,217.7542,"ACCEPTED"
"Cuiaba",-15.56960651,-56.08498519,603144,"Brazil","BR","w060_s15_w055_s20","Americas",NA,65.01542,"REJECTED"
"Willemstad",12.20042971,-69.01998377,146813,"Curacao","CW","w070_n15_w065_n10","Americas",NA,3.07618,"REJECTED"
"Bucharest",44.4333718,26.09994665,1842097,"Romania","RO","e025_n45_e030_n40","Europe",NA,57.46571,"REJECTED"
"Zaragoza",41.65000165,-0.889982138,548956,"Spain","ES","w005_n45_e000_n40","Europe",141.61398,190.54698,"ACCEPTED"
"Ulsan",35.54673077,129.3169539,1011933,"South Korea","KR","e125_n40_e130_n35","Asia",NA,45.96019,"REJECTED"
"Panama City",8.96801719,-79.53303715,844584,"Panama","PA","w080_n10_w075_n05","Americas",NA,21.99066,"REJECTED"
"Changsha",28.19996991,112.969993,2338969,"China","CN","e110_n30_e115_n25","Asia",NA,55.37095,"REJECTED"
"San Diego",32.82002382,-117.1799899,1938571,"USA","US","w120_n35_w115_n30","Americas",262.31633,200.66541,"REJECTED"
"Cali",3.399959126,-76.49996647,2216418,"Colombia","CO","w080_n05_w075_n00","Americas",NA,79.30634,"REJECTED"
"Nueva San Salvador",13.67399699,-89.28999848,124694,"El Salvador","SV","w090_n15_w085_n10","Americas",NA,7.27179,"REJECTED"
"Rome",41.89595563,12.48325842,1687226,"Italy","IT","e010_n45_e015_n40","Europe",80.20183,155.24523,"ACCEPTED"
"Ulaanbaatar",47.9166734,106.9166158,827306,"Mongolia","MN","e105_n50_e110_n45","Asia",NA,45.68629,"REJECTED"
"Winnipeg",49.88298749,-97.16599186,603688,"Canada","CA","w100_n50_w095_n45","Americas",259.77738,360.58778,"ACCEPTED"
"Santa Ana",13.9946096,-89.55976363,205570,"El Salvador","SV","w090_n15_w085_n10","Americas",NA,0,"REJECTED"
"Mandalay",21.96998842,96.08502885,1167000,"Myanmar","MM","e095_n25_e100_n20","Asia",NA,0,"REJECTED"
"Shymkent",42.32001243,69.59501786,439712,"Kazakhstan","KZ","e065_n45_e070_n40","Asia",NA,33.91407,"REJECTED"
"Vitoria",-20.32399331,-40.36599634,1008328,"Brazil","BR","w045_s20_w040_s25","Americas",62.74191,122.60807,"ACCEPTED"
"Sonsonate",13.7199752,-89.7299858,139724,"El Salvador","SV","w090_n15_w085_n10","Americas",NA,3.9376,"REJECTED"
"Andorra",42.50000144,1.516485961,38127,"Andorra","AD","e000_n45_e005_n40","Europe",NA,16.09218,"REJECTED"
"Rouen",49.43040529,1.079975137,321418,"France","FR","e000_n50_e005_n45","Europe",NA,96.88852,"REJECTED"
"Yerevan",40.18115074,44.51355139,1097743,"Armenia","AM","e040_n45_e045_n40","Asia",NA,0,"REJECTED"
"Geneva",46.21000755,6.140028034,716193,"Switzerland","CH","e005_n50_e010_n45","Europe",213.19908,297.70829,"ACCEPTED"
"Piraievs",37.95002077,23.69998979,320881,"Greece","GR","e020_n40_e025_n35","Europe",NA,38.0793,"REJECTED"
"Tegucigalpa",14.1020449,-87.21752934,898424,"Honduras","HN","w090_n15_w085_n10","Americas",NA,0.88496,"REJECTED"
"Puebla",19.04995994,-98.20003727,1793550,"Mexico","MX","w100_n20_w095_n15","Americas",14.06677,136.16018,"ACCEPTED"
"London",42.9699986,-81.24998661,340900,"Canada","CA","w085_n45_w080_n40","Americas",56.03334,162.17613,"ACCEPTED"
"Baltimore",39.29999005,-76.61998499,1432946,"USA","US","w080_n40_w075_n35","Americas",70.57084,131.70937,"ACCEPTED"
"Port-au-Prince",18.5410246,-72.33603459,1616371,"Haiti","HT","w075_n20_w070_n15","Americas",NA,0.07213,"REJECTED"
"Stockton",37.95813397,-121.289739,488507,"USA","US","w125_n40_w120_n35","Americas",NA,98.4338,"REJECTED"
"Cincinnati",39.16188479,-84.45692265,971191,"USA","US","w085_n40_w080_n35","Americas",82.14436,129.81972,"ACCEPTED"
"Kuala Lumpur",3.166665872,101.6999833,1448000,"Malaysia","MY","e100_n05_e105_n00","Asia",NA,61.33523,"REJECTED"
"Albuquerque",35.10497479,-106.6413308,725723,"USA","US","w110_n40_w105_n35","Americas",517.01305,552.90857,"REJECTED"
"Abu Dhabi",24.46668357,54.36659338,581861,"United Arab Emirates","AE","e050_n25_e055_n20","Asia",NA,66.46162,"REJECTED"
"Fresno",36.7477169,-119.7729841,540768,"USA","US","w120_n40_w115_n35","Americas",59.2873,327.32054,"ACCEPTED"
"Ostrava",49.83035504,18.24998653,396026,"Czechia","CZ","e015_n50_e020_n45","Europe",91.80013,169.54189,"ACCEPTED"
"Dushanbe",38.56003522,68.77387935,882822,"Tajikistan","TJ","e065_n40_e070_n35","Asia",NA,0,"REJECTED"
"San Antonio",29.48733319,-98.50730534,1364905,"USA","US","w100_n30_w095_n25","Americas",204.81688,248.81647,"ACCEPTED"
"Moscow",55.75216412,37.61552283,10452000,"Russia","RU","e035_n60_e040_n55","Europe",67.22961,191.53609,"ACCEPTED"
"St. Paul",44.94398663,-93.08497481,509961,"USA","US","w095_n45_w090_n40","Americas",228.3881,693.31174,"ACCEPTED"
"Los Angeles",33.98997825,-118.1799805,8097410,"USA","US","w120_n35_w115_n30","Americas",125.11089,260.97925,"ACCEPTED"
"Donetsk",48.00000165,37.82998002,874138,"Ukraine","UA","e035_n50_e040_n45","Europe",NA,NA,"FAILED"
"Istanbul",41.10499615,29.01000159,10003305,"Turkey","TR","e025_n45_e030_n40","Asia",NA,46.96572,"REJECTED"
"Mesa",33.42391461,-111.7360844,762218,"USA","US","w115_n35_w110_n30","Americas",467.15821,510.352,"REJECTED"
"Daejeon",36.33554567,127.425028,1458165,"South Korea","KR","e125_n40_e130_n35","Asia",16.49127,130.11246,"ACCEPTED"
"Edmonton",53.55002464,-113.4999819,885196,"Canada","CA","w115_n55_w110_n50","Americas",78.31776,603.20472,"ACCEPTED"
"Antofagasta",-23.64999184,-70.40000289,295539,"Chile","CL","w075_s20_w070_s25","Americas",NA,24.48094,"REJECTED"
"Hamburg",53.55002464,9.999999144,1748059,"Germany","DE","e005_n55_e010_n50","Europe",560.47273,249.89634,"REJECTED"
"Soledad",10.92001691,-74.76999455,520704,"Colombia","CO","w075_n15_w070_n10","Americas",NA,10.00873,"REJECTED"
"Nantes",47.21038576,-1.590016929,357903,"France","FR","w005_n50_e000_n45","Europe",280.28086,359.20807,"ACCEPTED"
"Orlando",28.50997683,-81.38003036,778985,"USA","US","w085_n30_w080_n25","Americas",256.20473,322.61298,"ACCEPTED"
"Plovdiv",42.15397605,24.7539823,319090,"Bulgaria","BG","e020_n45_e025_n40","Europe",NA,59.91873,"REJECTED"
"Reykjavik",64.15002362,-21.95001449,140059,"Iceland","IS","w025_n65_w020_n60","Europe",NA,57.06819,"REJECTED"
"Cologne",50.93000368,6.950004434,983698,"Germany","DE","e005_n55_e010_n50","Europe",213.20941,127.12217,"REJECTED"
"Windsor",42.33329327,-83.03334029,265069,"Canada","CA","w085_n45_w080_n40","Americas",86.68195,308.84151,"ACCEPTED"
"Vienna",48.20001528,16.36663896,2065500,"Austria","AT","e015_n50_e020_n45","Europe",586.94907,655.63978,"ACCEPTED"
"Samarqand",39.67001914,66.94499874,652150,"Uzbekistan","UZ","e065_n40_e070_n35","Asia",NA,0,"REJECTED"
"Shenyeng",41.80497927,123.4499735,4149596,"China","CN","e120_n45_e125_n40","Asia",NA,50.0249,"REJECTED"
"Nice",43.71501772,7.265023965,632810,"France","FR","e005_n45_e010_n40","Europe",NA,60.11613,"REJECTED"
"Shanghai",31.21645245,121.4365047,14797756,"China","CN","e120_n35_e125_n30","Asia",562.51539,785.50699,"ACCEPTED"
"Berlin",52.52181866,13.40154862,3250007,"Germany","DE","e010_n55_e015_n50","Europe",837.90523,693.67423,"REJECTED"
"Irvine",33.68041058,-117.8299502,1611304,"USA","US","w120_n35_w115_n30","Americas",486.66744,773.62353,"ACCEPTED"
"Lisbon",38.72272288,-9.144866305,1664901,"Portugal","PT","w010_n40_w005_n35","Europe",190.93547,188.70969,"REJECTED"
"Kiev",50.43336733,30.51662797,2185754,"Ukraine","UA","e030_n55_e035_n50","Europe",10.57566,141.05944,"ACCEPTED"
"Bangkok",13.74999921,100.5166447,5904238,"Thailand","TH","e100_n15_e105_n10","Asia",NA,45.82139,"REJECTED"
"Odense",55.40037681,10.38333492,152077,"Denmark","DK","e010_n60_e015_n55","Europe",372.757,405.04421,"REJECTED"
"Tartu",58.38394147,26.70988358,90034,"Estonia","EE","e025_n60_e030_n55","Europe",41.00264,206.17119,"ACCEPTED"
"Novo Hamburgo",-29.70962197,-51.13998987,557017,"Brazil","BR","w055_s25_w050_s30","Americas",NA,25.67682,"REJECTED"
"Doha",25.28655601,51.53296789,1090655,"Qatar","QA","e050_n30_e055_n25","Asia",25.40789,208.46301,"ACCEPTED"
"Buffalo",42.87997825,-78.88000208,647779,"USA","US","w080_n45_w075_n40","Americas",77.38738,135.27657,"ACCEPTED"
"Cartago",9.86997764,-83.92997807,111770,"Costa Rica","CR","w085_n10_w080_n05","Americas",NA,5.80885,"REJECTED"
"Aracaju",-10.90002073,-37.11996708,587766,"Brazil","BR","w040_s10_w035_s15","Americas",NA,77.26586,"REJECTED"
"Phoenix",33.53997988,-112.0699917,2436023,"USA","US","w115_n35_w110_n30","Americas",391.40756,482.92493,"ACCEPTED"
"Campinas",-22.90001178,-47.10002975,1911277,"Brazil","BR","w050_s20_w045_s25","Americas",NA,55.65731,"REJECTED"
"Austin",30.26694969,-97.74277836,919684,"USA","US","w100_n35_w095_n30","Americas",91.11132,361.93515,"ACCEPTED"
"Tacoma",47.21131594,-122.5150131,460273,"USA","US","w125_n50_w120_n45","Americas",146.88024,203.00976,"ACCEPTED"
"Buenos Aires",-34.60250161,-58.39753137,11862073,"Argentina","AR","w060_s30_w055_s35","Americas",NA,83.28152,"REJECTED"
"Naples",40.84002525,14.24501135,1619486,"Italy","IT","e010_n45_e015_n40","Europe",NA,18.53368,"REJECTED"
"Madrid",40.40002626,-3.683351686,2808719,"Spain","ES","w005_n45_e000_n40","Europe",308.34029,380.45298,"ACCEPTED"
"Vina del Mar",-33.02998777,-71.53998499,399043,"Chile","CL","w075_s30_w070_s35","Americas",NA,13.63624,"REJECTED"
"Mexicali",32.64998252,-115.4800161,736139,"Mexico","MX","w120_n35_w115_n30","Americas",NA,6.0726,"REJECTED"
"Quito",-0.214988181,-78.50005111,1550407,"Ecuador","EC","w080_n00_w075_s05","Americas",NA,71.68143,"REJECTED"
"Boston",42.32996014,-71.07001367,2528071,"USA","US","w075_n45_w070_n40","Americas",237.12373,387.66264,"ACCEPTED"
"Ujungpandang",-5.139958884,119.4320275,1262000,"Indonesia","ID","e115_s05_e120_s10","Asia",NA,0.06665,"REJECTED"
"Milwaukee",43.05265505,-87.91996708,983590,"USA","US","w090_n45_w085_n40","Americas",103.30766,260.85297,"ACCEPTED"
"Cordoba",-31.39995807,-64.18229456,1374468,"Argentina","AR","w065_s30_w060_s35","Americas",42.95107,110.04368,"ACCEPTED"
"Vancouver",49.27341658,-123.1216442,1458415,"Canada","CA","w125_n50_w120_n45","Americas",367.1313,292.04574,"REJECTED"
"Busan",35.09505292,129.0100476,3480000,"South Korea","KR","e125_n40_e130_n35","Asia",NA,51.18675,"REJECTED"
"Culiacan",24.82999473,-107.3799679,695735,"Mexico","MX","w110_n25_w105_n20","Americas",NA,20.85231,"REJECTED"
"Warsaw",52.25000063,20.99999955,1704570,"Poland","PL","e020_n55_e025_n50","Europe",359.13122,511.44599,"ACCEPTED"
"Taipei",25.03583333,121.5683333,4759523,"Taiwan","TW","e120_n30_e125_n25","Asia",247.73535,267.39221,"REJECTED"
"Atlanta",33.83001385,-84.39994938,2464454,"USA","US","w085_n35_w080_n30","Americas",46.52878,231.52266,"ACCEPTED"
"San Pedro de Macoris",18.4503583,-69.29996668,211020,"Dominican Republic","DO","w070_n20_w065_n15","Americas",NA,0,"REJECTED"
"Shkoder",42.06845156,19.51884965,122006,"Albania","AL","e015_n45_e020_n40","Europe",NA,19.34871,"REJECTED"
"Baerum",59.91348606,11.34723651,113659,"Norway","NO","e010_n60_e015_n55","Europe",NA,40.95876,"REJECTED"
"Manaus",-3.100031719,-60.00001754,1636622,"Brazil","BR","w065_n00_w060_s05","Americas",NA,12.12762,"REJECTED"
"Udon Thani",17.4047632,102.7893225,239192,"Thailand","TH","e100_n20_e105_n15","Asia",NA,0,"REJECTED"
"Ribeirao Preto",-21.17003986,-47.82998519,520774,"Brazil","BR","w050_s20_w045_s25","Americas",NA,26.67678,"REJECTED"
"Lodz",51.77499086,19.45136023,758000,"Poland","PL","e015_n55_e020_n50","Europe",95.70696,187.36482,"ACCEPTED"
"Leeds",53.83000755,-1.580017539,992062,"UK","GB","w005_n55_e000_n50","Europe",121.81474,274.25076,"ACCEPTED"
"Sao Jose dos Campos",-23.19999347,-45.87994918,695323,"Brazil","BR","w050_s20_w045_s25","Americas",NA,86.18133,"REJECTED"
"Tucson",32.20499676,-110.8899862,670954,"USA","US","w115_n35_w110_n30","Americas",144.42046,618.7421,"ACCEPTED"
"Kaohsiung",22.63330711,120.2666019,2144392,"Taiwan","TW","e120_n25_e125_n20","Asia",41.56794,106.24453,"ACCEPTED"
"Ciudad Juarez",31.69037701,-106.4900481,1343000,"Mexico","MX","w110_n35_w105_n30","Americas",80.30257,136.71251,"ACCEPTED"
"Innsbruck",47.28040733,11.4099906,133841,"Austria","AT","e010_n50_e015_n45","Europe",NA,NA,"FAILED"
"Tampico",22.30001996,-97.87000574,578352,"Mexico","MX","w100_n25_w095_n20","Americas",NA,6.07559,"REJECTED"
"Leon",21.1499868,-101.7000304,1301313,"Mexico","MX","w105_n25_w100_n20","Americas",47.90032,123.25313,"ACCEPTED"
"Kaunas",54.95040428,23.88003048,363845,"Lithuania","LT","e020_n55_e025_n50","Europe",NA,37.5042,"REJECTED"
"New York",40.74997906,-73.98001693,13524139,"USA","US","w075_n45_w070_n40","Americas",425.50592,237.86475,"REJECTED"
"Palermo",38.12502301,13.35002722,767588,"Italy","IT","e010_n40_e015_n35","Europe",NA,50.47048,"REJECTED"
"Chennai",13.08998781,80.27999874,5745532,"India","IN","e080_n15_e085_n10","Asia",NA,1.22086,"REJECTED"
"Cuernavaca",18.92110476,-99.23999964,591552,"Mexico","MX","w100_n20_w095_n15","Americas",NA,2.81743,"REJECTED"
"Lima",-12.04801268,-77.05006209,7385117,"Peru","PE","w080_s10_w075_s15","Americas",52.03499,235.0868,"ACCEPTED"
"Portland",45.52002382,-122.6799901,1207757,"USA","US","w125_n50_w120_n45","Americas",382.12539,339.34064,"REJECTED"
"Brasilia",-15.78334023,-47.91605229,3139980,"Brazil","BR","w050_s15_w045_s20","Americas",129.60796,214.82083,"ACCEPTED"
"Maracay",10.2468797,-67.59580713,1007000,"Venezuela","VE","w070_n15_w065_n10","Americas",NA,0,"REJECTED"
"Philadelphia",39.99997316,-75.16999597,3504775,"USA","US","w080_n40_w075_n35","Americas",318.89507,345.21947,"REJECTED"
"Isfahan",32.70000531,51.7000378,1572883,"Iran","IR","e050_n35_e055_n30","Asia",NA,3.92604,"REJECTED"
"Oshawa",43.87999473,-78.84997807,349476,"Canada","CA","w080_n45_w075_n40","Americas",34.87648,219.52496,"ACCEPTED"
"San Juan",18.44002301,-66.12997929,1437116,"Puerto Rico","PR","w070_n20_w065_n15","Americas",NA,21.84255,"REJECTED"
"Brussels",50.83331708,4.333316608,1381011,"Belgium","BE","e000_n55_e005_n50","Europe",444.32354,540.20881,"ACCEPTED"
"Mendoza",-32.88333006,-68.81661117,827815,"Argentina","AR","w070_s30_w065_s35","Americas",17.14323,157.69488,"ACCEPTED"
"Osh",40.54040529,72.79001664,295639,"Kyrgyzstan","KG","e070_n45_e075_n40","Asia",NA,0.41987,"REJECTED"
"Torreon",25.57005292,-103.4200029,834033,"Mexico","MX","w105_n30_w100_n25","Americas",NA,13.90772,"REJECTED"
"Memphis",35.1199868,-89.99999516,753844,"USA","US","w090_n40_w085_n35","Americas",NA,52.02091,"REJECTED"
"Baghdad",33.3386485,44.39386877,5054000,"Iraq","IQ","e040_n35_e045_n30","Asia",NA,0.78211,"REJECTED"
"Fukuoka",33.59501528,130.4100138,2092145,"Japan","JP","e130_n35_e135_n30","Asia",NA,30.9082,"REJECTED"
"Porto",41.15000633,-8.620001263,793317,"Portugal","PT","w010_n45_w005_n40","Europe",40.70981,103.13585,"ACCEPTED"
"Christchurch",-43.53503131,172.6300207,295352,"New Zealand","NZ","e170_s40_e175_s45","Oceania",213.33565,458.24672,"ACCEPTED"
"Malmo",55.58333722,13.03330237,265449,"Sweden","SE","e010_n60_e015_n55","Europe",342.56086,405.17546,"ACCEPTED"
"Tampere",61.5000045,23.75001257,230983,"Finland","FI","e020_n65_e025_n60","Europe",821.48212,975.34238,"ACCEPTED"
"Tainan",23.00000307,120.2000427,1319156,"Taiwan","TW","e120_n25_e125_n20","Asia",NA,86.15491,"REJECTED"
"Hannover",52.36697023,9.716657266,618815,"Germany","DE","e005_n55_e010_n50","Europe",647.24389,172.9923,"REJECTED"
"Surabaya",-7.249235821,112.7508333,2609829,"Indonesia","ID","e110_s05_e115_s10","Asia",NA,0.15261,"REJECTED"
"Jaboatao",-8.110010153,-35.02004358,681214,"Brazil","BR","w040_s05_w035_s10","Americas",NA,7.74816,"REJECTED"
"Maceio",-9.619995505,-35.72997441,1000216,"Brazil","BR","w040_s05_w035_s10","Americas",NA,73.46355,"REJECTED"
"Bologna",44.50042198,11.34002071,429695,"Italy","IT","e010_n45_e015_n40","Europe",160.99103,326.70099,"ACCEPTED"
"Morelia",19.73338076,-101.189493,618552,"Mexico","MX","w105_n20_w100_n15","Americas",NA,6.93205,"REJECTED"
"Chon Buri",13.40040814,100.9999743,221341,"Thailand","TH","e100_n15_e105_n10","Asia",NA,0.21768,"REJECTED"
"Amsterdam",52.34996869,4.916640176,886318,"Netherlands","NL","e000_n55_e005_n50","Europe",1197.69444,1268.85737,"REJECTED"
"Detroit",42.32996014,-83.08005579,2526135,"USA","US","w085_n45_w080_n40","Americas",74.93315,277.03244,"ACCEPTED"
"Hamilton",32.29419029,-64.78393742,32910,"Bermuda","BM","w065_n35_w060_n30","Americas",NA,3.59476,"REJECTED"
"Bangalore",12.96999514,77.56000972,5945524,"India","IN","e075_n15_e080_n10","Asia",NA,11.69213,"REJECTED"
"Lahore",31.55997154,74.35002478,6443944,"Pakistan","PK","e070_n35_e075_n30","Asia",NA,1.83095,"REJECTED"
"Taiyuan",37.87501243,112.5450577,2817738,"China","CN","e110_n40_e115_n35","Asia",56.86046,151.89244,"ACCEPTED"
"Rochester",43.17042564,-77.61994979,483177,"USA","US","w080_n45_w075_n40","Americas",6.86189,130.03198,"ACCEPTED"
"Larissa",39.63040916,22.42001623,120123,"Greece","GR","e020_n40_e025_n35","Europe",NA,4.25755,"REJECTED"
"Richmond",37.55001935,-77.449986,551443,"USA","US","w080_n40_w075_n35","Americas",NA,59.80935,"REJECTED"
"Salerno",40.68039675,14.76994055,546922,"Italy","IT","e010_n45_e015_n40","Europe",NA,3.63962,"REJECTED"
"Barquisimeto",10.04999249,-69.29996668,962745,"Venezuela","VE","w070_n15_w065_n10","Americas",NA,0.59533,"REJECTED"
"Dhaka",23.72305971,90.40857947,9899167,"Bangladesh","BD","e090_n25_e095_n20","Asia",NA,8.09645,"REJECTED"
"Bridgetown",13.10200258,-59.61652674,143865,"Barbados","BB","w060_n15_w055_n10","Americas",NA,0.69322,"REJECTED"
"Santo Domingo",18.47007285,-69.90008508,1078437,"Dominican Republic","DO","w070_n20_w065_n15","Americas",NA,25.68538,"REJECTED"
"Sacramento",38.57502138,-121.4700381,1035949,"USA","US","w125_n40_w120_n35","Americas",310.53763,654.32372,"ACCEPTED"
"Vasteraas",59.63001528,16.54001339,100187,"Sweden","SE","e015_n60_e020_n55","Europe",408.09336,472.98243,"ACCEPTED"
"Basel",47.58038902,7.590017048,500318,"Switzerland","CH","e005_n50_e010_n45","Europe",221.20381,196.27973,"REJECTED"
"Valletta",35.89973248,14.51471065,187608,"Malta","MT","e010_n40_e015_n35","Europe",NA,31.70523,"REJECTED"
"Porto Alegre",-30.05001463,-51.20001205,2644871,"Brazil","BR","w055_s30_w050_s35","Americas",NA,48.02268,"REJECTED"
"Dubai",25.22999615,55.27997432,1258174,"United Arab Emirates","AE","e055_n30_e060_n25","Asia",NA,71.50993,"REJECTED"
"Vilnius",54.68336631,25.31663529,524698,"Lithuania","LT","e025_n55_e030_n50","Europe",NA,46.93965,"REJECTED"
"Malacca",2.206414407,102.2464615,645917,"Malaysia","MY","e100_n05_e105_n00","Asia",NA,0.00641,"REJECTED"
"San Miguel",13.48334881,-88.18333602,181722,"El Salvador","SV","w090_n15_w085_n10","Americas",NA,3.44552,"REJECTED"
"Qingdao",36.08997927,120.3300089,2254123,"China","CN","e120_n40_e125_n35","Asia",NA,0,"REJECTED"
"Tirana",41.32754071,19.81888301,658318,"Albania","AL","e015_n45_e020_n40","Europe",NA,59.87408,"REJECTED"
"Zhongli",24.96502525,121.2167765,1001193,"Taiwan","TW","e120_n25_e125_n20","Asia",NA,67.46891,"REJECTED"
"Salvador",-12.9699719,-38.47998743,3081423,"Brazil","BR","w040_s10_w035_s15","Americas",52.49955,102.26076,"ACCEPTED"
"Port-of-Spain",10.65199709,-61.51703089,171983,"Trinidad and Tobago","TT","w065_n15_w060_n10","Americas",NA,2.58571,"REJECTED"
"Jinan",36.67498232,116.9950187,2433633,"China","CN","e115_n40_e120_n35","Asia",21.98913,182.08422,"ACCEPTED"
"Male",4.16670819,73.49994747,108310,"Maldives","MV","e070_n05_e075_n00","Asia",NA,NA,"FAILED"
"Wroclaw",51.11043194,17.03000932,622471,"Poland","PL","e015_n55_e020_n50","Europe",NA,NA,"FAILED"
"Bilbao",43.24998151,-2.929986818,614370,"Spain","ES","w005_n45_e000_n40","Europe",66.34559,144.22527,"ACCEPTED"
"Medellin",6.275003274,-75.57501001,2648490,"Colombia","CO","w080_n10_w075_n05","Americas",NA,86.19268,"REJECTED"
"Chisinau",47.00502362,28.85771114,662064,"Moldova","MD","e025_n50_e030_n45","Europe",NA,5.79874,"REJECTED"
"Quezon City",14.6504352,121.0299662,2761720,"Philippines","PH","e120_n15_e125_n10","Asia",140.43563,145.81601,"REJECTED"
"Montevideo",-34.85804157,-56.17105229,759162,"Uruguay","UY","w060_s30_w055_s35","Americas",NA,45.54463,"REJECTED"
"Belize City",17.49871096,-88.18837447,62245,"Belize","BZ","w090_n20_w085_n15","Americas",NA,0.07839,"REJECTED"
"Kabul",34.51669029,69.18326005,3160266,"Afghanistan","AF","e065_n35_e070_n30","Asia",NA,0.02602,"REJECTED"
"Bergen",60.39100242,5.324522256,200390,"Norway","NO","e005_n65_e010_n60","Europe",129.42261,227.46573,"ACCEPTED"
"Dublin",53.33306114,-6.248905682,1013988,"Ireland","IE","w010_n55_w005_n50","Europe",269.43484,498.19846,"ACCEPTED"
"Jacksonville",30.33002077,-81.66998682,904954,"USA","US","w085_n35_w080_n30","Americas",NA,88.35796,"REJECTED"
"Seattle",47.57000205,-122.339985,1821685,"USA","US","w125_n50_w120_n45","Americas",219.38684,235.33485,"REJECTED"
"Osaka",34.75003522,135.4601448,6943207,"Japan","JP","e135_n35_e140_n30","Asia",71.25992,168.58538,"ACCEPTED"
"Sheffield",53.36667666,-1.499996583,922800,"UK","GB","w005_n55_e000_n50","Europe",NA,93.13894,"REJECTED"
"Montpellier",43.61039878,3.869985716,287753,"France","FR","e000_n45_e005_n40","Europe",253.8479,316.17732,"ACCEPTED"
"Rotterdam",51.9199691,4.479974323,801600,"Netherlands","NL","e000_n55_e005_n50","Europe",1443.5855,1482.00184,"REJECTED"
"Elbasan",41.12150677,20.08382808,132957,"Albania","AL","e020_n45_e025_n40","Europe",NA,1.9502,"REJECTED"
"Kuwait",29.36971763,47.97830115,1061532,"Kuwait","KW","e045_n30_e050_n25","Asia",NA,0,"REJECTED"
"Santos",-23.95372393,-46.33294266,1060202,"Brazil","BR","w050_s20_w045_s25","Americas",77.23168,140.27664,"ACCEPTED"
"Edinburgh",55.94832786,-3.219090618,470379,"UK","GB","w005_n60_e000_n55","Europe",124.34053,223.71117,"ACCEPTED"
"Dalian",38.92283839,121.6298308,2601154,"China","CN","e120_n40_e125_n35","Asia",NA,2.06029,"REJECTED"
"Homyel",52.43001548,31.00000932,472338,"Belarus","BY","e030_n55_e035_n50","Europe",NA,10.22645,"REJECTED"
"Verona",45.44039044,10.99001623,300334,"Italy","IT","e010_n50_e015_n45","Europe",82.07735,148.55199,"ACCEPTED"
"Banja Luka",44.78040489,17.17997432,221422,"Bosnia and Herzegovina","BA","e015_n45_e020_n40","Europe",NA,54.67561,"REJECTED"
"Tijuana",32.50001752,-117.079996,1464729,"Mexico","MX","w120_n35_w115_n30","Americas",NA,32.63733,"REJECTED"
"El Progreso",14.85,-90.01670359,147197,"Guatemala","GT","w095_n15_w090_n10","Americas",NA,0,"REJECTED"
"Luxembourg",49.61166038,6.130002806,91972,"Luxembourg","LU","e005_n50_e010_n45","Europe",NA,76.41618,"REJECTED"
"Tampa",27.94698793,-82.45862085,1319233,"USA","US","w085_n30_w080_n25","Americas",113.76894,116.28035,"REJECTED"
"Douglas",54.15042727,-4.480021404,31036,"Isle of Man","IM","w005_n55_e000_n50","Europe",NA,8.04945,"REJECTED"
"Guayaquil",-2.220033754,-79.92004195,2233015,"Ecuador","EC","w080_n00_w075_s05","Americas",NA,57.96449,"REJECTED"
"Johor Bahru",1.480024637,103.7300402,838745,"Malaysia","MY","e100_n05_e105_n00","Asia",NA,57.41182,"REJECTED"
"Tallinn",59.43387738,24.72804073,367026,"Estonia","EE","e020_n60_e025_n55","Europe",189.84884,436.85194,"ACCEPTED"
"Stavanger",58.97000389,5.680004434,136999,"Norway","NO","e005_n60_e010_n55","Europe",200.68064,298.49019,"ACCEPTED"
"Omsk",54.98998842,73.39995357,1089202,"Russia","RU","e070_n55_e075_n50","Europe",NA,20.04962,"REJECTED"
"Bogota",4.596423563,-74.08334396,7052831,"Colombia","CO","w075_n05_w070_n00","Americas",158.76621,301.55974,"ACCEPTED"
"Nagoya",35.15499758,136.9149914,2710640,"Japan","JP","e135_n40_e140_n35","Asia",NA,28.21155,"REJECTED"
"Paris",48.86669293,2.333335326,4957589,"France","FR","e000_n50_e005_n45","Europe",528.51668,744.89093,"ACCEPTED"
"San Luis Potosi",22.16997622,-100.9999956,834852,"Mexico","MX","w105_n25_w100_n20","Americas",NA,10.21396,"REJECTED"
"Las Vegas",36.20999778,-115.2200061,1150717,"USA","US","w120_n40_w115_n35","Americas",30.71455,418.4285,"ACCEPTED"
"Charlotte",35.20499453,-80.83003809,943575,"USA","US","w085_n40_w080_n35","Americas",8.56265,218.92124,"ACCEPTED"
"Beijing",39.92889223,116.3882857,9293301,"China","CN","e115_n40_e120_n35","Asia",220.86441,414.28675,"ACCEPTED"
"Turin",45.07038719,7.669960489,1258632,"Italy","IT","e005_n50_e010_n45","Europe",231.99971,352.50292,"ACCEPTED"
"Sao Paulo",-23.55867959,-46.62501998,14433148,"Brazil","BR","w050_s20_w045_s25","Americas",128.53178,186.61017,"ACCEPTED"
"Vientiane",17.96669273,102.59998,662174,"Laos","LA","e100_n20_e105_n15","Asia",NA,0,"REJECTED"
"Durres",41.3177997,19.44820797,132233,"Albania","AL","e015_n45_e020_n40","Europe",NA,1.12897,"REJECTED"
"Karachi",24.86999229,66.99000891,11877110,"Pakistan","PK","e065_n25_e070_n20","Asia",NA,2.2545,"REJECTED"
"Uppsala",59.86005292,17.63999792,130426,"Sweden","SE","e015_n60_e020_n55","Europe",299.05788,452.3995,"ACCEPTED"
"Nashville",36.16997438,-86.77998499,703926,"USA","US","w090_n40_w085_n35","Americas",38.0525,131.08493,"ACCEPTED"
"Monterrey",25.66999514,-100.3299848,2417437,"Mexico","MX","w105_n30_w100_n25","Americas",NA,27.31111,"REJECTED"
"Antwerpen",51.22037355,4.415017048,689903,"Belgium","BE","e000_n55_e005_n50","Europe",670.99607,891.1873,"ACCEPTED"
"Irbil",36.1790436,44.00862097,795870,"Iraq","IQ","e040_n40_e045_n35","Asia",NA,5.38347,"REJECTED"
"Medan",3.579973978,98.65004024,1932986,"Indonesia","ID","e095_n05_e100_n00","Asia",NA,0.02928,"REJECTED"
"Yokohama",35.32002626,139.5800484,3697894,"Japan","JP","e135_n40_e140_n35","Asia",NA,23.21833,"REJECTED"
"Tianjin",39.13002626,117.2000191,5473104,"China","CN","e115_n40_e120_n35","Asia",NA,7.95328,"REJECTED"
"Fortaleza",-3.750017884,-38.57998132,2958718,"Brazil","BR","w040_n00_w035_s05","Americas",18.41032,114.3201,"ACCEPTED"
"Chiang Mai",18.7999752,98.98004594,299082,"Thailand","TH","e095_n20_e100_n15","Asia",NA,39.87915,"REJECTED"
"Linz",48.31923281,14.28878129,265162,"Austria","AT","e010_n50_e015_n45","Europe",73.99525,104.46305,"ACCEPTED"
